date,pw_high,pw_low,pw_close,pw_mid,4w_high,4w_low,atr_5d,atr_20d,trend_4h,momentum_1h
2014-01-02,,,,,,,,,-4,-4.242198061814584e-05
2014-01-09,6512.5,6482.5,6492.75,6497.5,,,36.4,,0,0.0001353244490036487
2014-01-16,6510.5,6439.25,6481.25,6474.875,,,48.7,,2,-9.1923285301021e-05
2014-01-23,6543.75,6426.0,6528.75,6484.875,,,36.875,,-1,0.00021884948439719886
2014-01-30,6568.75,6507.75,6547.25,6538.25,6568.75,6426.0,71.55,,-1,-0.0002712715041781943
2014-02-06,6554.75,6387.75,6435.5,6471.25,6568.75,6387.75,61.35,54.85,4,-3.115576071675008e-05
2014-02-13,6466.25,6345.5,6420.75,6405.875,6568.75,6345.5,48.9,53.5375,4,-0.0001827199072902741
2014-02-20,6589.5,6413.0,6584.5,6501.25,6589.5,6345.5,33.4375,54.825,6,0.00017070560562667536
2014-02-27,6618.25,6571.5,6605.0,6594.875,6618.25,6345.5,37.3,46.8875,4,6.058362938184958e-05
2014-03-06,6640.25,6588.5,6635.0,6614.375,6640.25,6345.5,43.65,41.8375,-2,6.777590329989369e-05
2014-03-13,6670.75,6570.5,6655.5,6620.625,6670.75,6413.0,52.45,43.0,0,0.00010664419902106648
2014-03-20,6674.0,6569.75,6584.75,6621.875,6674.0,6569.75,52.4,46.45,4,6.806808944848086e-05
2014-03-27,6643.5,6540.25,6629.75,6591.875,6674.0,6540.25,69.65,54.5375,-1,0.00014666104487847108
2014-04-03,6651.0,6473.5,6492.5,6562.25,6674.0,6473.5,51.65,56.5375,2,0.0002710534207925663
2014-04-10,6607.25,6489.75,6569.0,6548.5,6674.0,6473.5,89.2,65.725,-2,-9.346042753444195e-05
2014-04-17,6596.0,6408.5,6418.25,6502.25,6651.0,6408.5,62.65,68.2875,4,0.0002567612896717475
2014-04-24,6480.75,6343.0,6461.5,6411.875,6651.0,6343.0,52.0,63.775,-2,6.547469341526835e-05
2014-05-01,6556.5,6455.0,6523.0,6505.75,6607.25,6343.0,54.1,64.8875,-2,5.382609236240787e-05
2014-05-08,6543.75,6418.75,6525.0,6481.25,6596.0,6343.0,54.45,59.6625,2,6.974800287073979e-05
2014-05-15,6542.75,6435.75,6475.75,6489.25,6556.5,6343.0,45.25,51.35,-2,-0.00010394282709044189
2014-05-22,6562.5,6448.75,6501.5,6505.625,6562.5,6418.75,41.75,48.8875,4,-0.00011383060093990149
2014-05-29,6598.0,6481.25,6586.25,6539.625,6598.0,6418.75,31.625,43.4375,2,3.0099981774411867e-05
2014-06-05,6675.5,6583.5,6673.75,6629.5,6675.5,6435.75,32.9,39.3625,4,0.00010447925570876704
2014-06-12,6720.25,6645.5,6714.5,6682.875,6720.25,6448.75,28.55,35.45,-4,0.00027284350335959884
2014-06-19,6744.75,6689.75,6709.5,6717.25,6744.75,6481.25,31.25,30.925,-3,7.501650274255311e-06
2014-06-26,6746.25,6693.25,6732.0,6719.75,6746.25,6583.5,31.4,31.025,0,1.49584929395985e-05
2014-07-03,6771.0,6724.25,6760.5,6747.625,6771.0,6645.5,30.1,30.325,2,0.00018280387551771192
2014-07-10,6861.0,6751.0,6858.75,6806.0,6861.0,6689.75,44.625,34.8625,4,6.249549202572702e-05
2014-07-17,6859.75,6774.5,6816.75,6817.125,6861.0,6693.25,42.15,36.2875,-2,-0.00024152313269639735
2014-07-24,6884.0,6802.25,6819.0,6843.125,6884.0,6724.25,41.75,39.075,-6,-0.00019924878944679313
2014-07-31,6934.25,6797.0,6914.75,6865.625,6934.25,6751.0,44.75,42.575,-2,0.0001135987585687448
2014-08-07,6926.0,6824.75,6827.75,6875.375,6934.25,6774.5,50.35,44.75,-4,-0.00032432542959714983
2014-08-14,6858.75,6783.75,6799.75,6821.25,6934.25,6783.75,44.2,45.2625,5,0.00013054797587738198
2014-08-21,6917.75,6769.5,6911.0,6843.625,6934.25,6769.5,28.6,41.975,6,4.2996363519043344e-05
2014-08-28,6992.0,6890.25,6990.5,6941.125,6992.0,6769.5,19.5,35.6625,3,0.00011074259965085931
2014-09-04,7021.5,6979.5,7012.75,7000.5,7021.5,6769.5,35.0,32.6625,-2,-5.706708912752712e-05
2014-09-11,7056.75,6999.25,7012.25,7028.0,7056.75,6769.5,40.95,31.025,2,0.00018190868977749908
2014-09-18,7053.5,6995.0,7034.0,7024.25,7056.75,6890.25,48.9,35.15,8,0.00039424383279691445
2014-09-25,7044.25,6948.75,7041.0,6996.5,7056.75,6948.75,56.5,44.675,-2,9.00531263322124e-05
2014-10-02,7063.25,6942.75,6952.0,7003.0,7063.25,6942.75,58.05,51.1,2,7.361476160128167e-06
2014-10-09,7009.25,6872.25,6922.5,6940.75,7063.25,6872.25,76.3,59.9375,-4,-0.00015556002036658522
2014-10-16,6992.25,6875.25,6914.75,6933.75,7063.25,6872.25,102.8,73.4125,6,-8.550525409518616e-05
2014-10-23,6911.5,6628.5,6686.0,6770.0,7063.25,6628.5,89.45,81.65,2,-0.00035589226408492267
2014-10-30,6969.25,6686.5,6949.75,6827.875,7009.25,6628.5,54.25,80.7,6,0.0005514009035611833
2014-11-06,7047.0,6915.0,7034.0,6981.0,7047.0,6628.5,45.9,73.1,4,0.0002711335536594195
2014-11-13,7120.75,7034.25,7107.25,7077.5,7120.75,6628.5,34.05,55.9125,2,0.0001051019412255827
2014-11-20,7171.5,7080.5,7149.5,7126.0,7171.5,6686.5,38.7,43.225,4,0.00013581219035039283
2014-11-27,7193.25,7136.0,7189.5,7164.625,7193.25,6915.0,36.375,39.9125,4,0.00010330075309008535
2014-12-04,7268.25,7182.0,7262.25,7225.125,7268.25,7034.25,39.55,37.1875,-2,-5.858016391873111e-05
2014-12-11,7292.5,7218.0,7258.0,7255.25,7292.5,7080.5,64.8,44.8125,-2,-0.0003720835719988158
2014-12-18,7271.25,7161.25,7181.0,7216.25,7292.5,7136.0,96.45,59.8,8,0.0007325479541784197
2014-12-25,7222.75,7031.75,7214.0,7127.25,7292.5,7031.75,33.375,58.5375,4,-3.092177159716991e-05
2015-01-01,7263.0,7206.5,7233.5,7234.75,7292.5,7031.75,45.9375,59.5625,2,0.0001080620344581007
2015-01-08,7273.0,7179.0,7183.75,7226.0,7273.0,7031.75,78.05,67.3375,4,-6.61205387285757e-05
2015-01-15,7223.75,7033.0,7183.25,7128.375,7273.0,7031.75,92.35,69.1125,-6,-0.000786232099064732
2015-01-22,7203.5,7017.0,7040.0,7110.25,7273.0,7017.0,84.0,71.55,1,5.919560030432924e-05
2015-01-29,7220.0,6992.5,7215.75,7106.25,7273.0,6992.5,86.0,84.75,0,0.0004997565989531938
2015-02-05,7237.25,7046.75,7136.75,7142.0,7237.25,6992.5,72.05,83.9625,2,0.0001079427811442879
2015-02-12,7205.75,7036.5,7198.5,7121.125,7237.25,6992.5,54.75,76.2,6,0.00010980375045117618
2015-02-19,7297.5,7152.5,7295.75,7225.0,7297.5,6992.5,31.5625,64.7375,6,3.742243605960871e-05
2015-02-26,7368.25,7291.75,7364.25,7330.0,7368.25,7036.5,32.55,51.35,2,0.00011844254956716593
2015-03-05,7415.75,7347.0,7412.75,7381.375,7415.75,7036.5,37.2,41.1,-1,-7.772804816010836e-05
2015-03-12,7434.25,7370.25,7400.5,7402.25,7434.25,7152.5,52.8,39.9875,4,6.880216910426507e-05
2015-03-19,7411.5,7249.75,7281.75,7330.625,7434.25,7249.75,58.25,45.2,2,2.7233555029970712e-05
2015-03-26,7390.0,7236.5,7377.0,7313.25,7434.25,7236.5,59.6,51.9625,6,0.00015498676739531537
2015-04-02,7427.25,7225.0,7265.75,7326.125,7434.25,7225.0,53.0,55.9125,2,2.070294259473027e-05
2015-04-09,7336.75,7214.0,7262.25,7275.375,7427.25,7214.0,56.85,56.925,1,0.00019096107343465895
2015-04-16,7356.25,7217.0,7354.25,7286.625,7427.25,7214.0,38.35,51.95,0,-4.7530942736495606e-05
2015-04-23,7396.5,7321.75,7370.25,7359.125,7427.25,7214.0,68.35,54.1375,8,0.00021582268052678933
2015-04-30,7452.25,7279.0,7436.5,7365.625,7452.25,7214.0,62.7,56.5625,-2,0.00011562223180493492
2015-05-07,7510.5,7341.5,7363.25,7426.0,7510.5,7217.0,69.7,59.775,6,8.504456902626023e-05
2015-05-14,7458.5,7287.5,7357.5,7373.0,7510.5,7279.0,56.7,64.3625,6,7.396697449921775e-05
2015-05-21,7448.0,7329.5,7445.25,7388.75,7510.5,7279.0,41.75,57.7125,6,4.3452776570840344e-05
2015-05-28,7491.5,7425.5,7483.75,7458.5,7510.5,7287.5,51.8125,57.0625,2,0.00010690147584540011
2015-06-04,7506.0,7410.0,7497.75,7458.0,7506.0,7287.5,49.0,51.0625,-2,0.00011100469403644287
2015-06-11,7500.25,7428.25,7451.5,7464.25,7506.0,7329.5,54.05,50.575,-4,-0.00012436919857536922
2015-06-18,7467.25,7345.25,7445.5,7406.25,7506.0,7345.25,58.95,53.3625,2,-1.65376583136867e-05
2015-06-25,7514.75,7366.25,7510.5,7440.5,7514.75,7345.25,42.05,51.0125,-6,-2.6685330516618143e-05
2015-07-02,7535.0,7476.0,7489.0,7505.5,7535.0,7345.25,58.9,53.4875,-2,0.0001588280999391789
2015-07-09,7496.75,7348.0,7408.5,7422.375,7535.0,7345.25,92.25,60.075,2,0.0003288198657373842
2015-07-16,7427.75,7311.5,7319.25,7369.625,7535.0,7311.5,72.65,66.6,4,0.00043319093548029877
2015-07-23,7592.25,7325.5,7577.5,7458.875,7592.25,7311.5,59.1,68.4875,-2,0.00035387464838859684
2015-07-30,7665.75,7564.0,7599.75,7614.875,7665.75,7311.5,65.35,69.3875,1,-2.6358510047808094e-05
2015-08-06,7618.5,7476.75,7575.0,7547.625,7665.75,7311.5,62.6,64.925,0,0.0001266727793748479
2015-08-13,7608.75,7482.5,7504.5,7545.625,7665.75,7325.5,74.45,65.375,0,-0.00044865995969799454
2015-08-20,7564.5,7411.0,7497.0,7487.75,7665.75,7411.0,72.25,68.6625,-6,-0.0008361131517130138
2015-08-27,7553.25,7339.75,7346.0,7446.5,7618.5,7339.75,215.3,106.15,2,0.000993064499899321
2015-09-03,7348.0,6888.0,7307.75,7118.0,7608.75,6888.0,99.85,115.4625,-6,-0.0007385556700103435
2015-09-10,7320.5,7098.0,7209.25,7209.25,7564.5,6888.0,109.5,121.1625,4,0.0002236881521605838
2015-09-17,7349.25,7134.75,7274.75,7242.0,7553.25,6888.0,70.3,125.9125,2,-0.0006943490604531588
2015-09-24,7427.75,7239.25,7355.75,7333.5,7427.75,6888.0,89.45,93.175,2,0.0006600373774697688
2015-10-01,7368.5,7171.25,7232.0,7269.875,7427.75,7098.0,121.15,96.35,0,0.0006129096888695451
2015-10-08,7301.75,7026.75,7173.5,7164.25,7427.75,7026.75,87.8,92.175,0,0.0008979065289938081
2015-10-15,7334.25,7097.5,7330.75,7215.875,7427.75,7026.75,53.1,87.875,4,0.00036616940942995057
2015-10-22,7398.0,7303.5,7397.75,7350.75,7398.0,7026.75,71.45,83.375,6,0.0012266312967229131
2015-10-29,7551.5,7380.75,7538.75,7466.125,7551.5,7026.75,56.25,67.15,8,0.0004344069524936156
2015-11-05,7664.25,7548.0,7647.75,7606.125,7664.25,7097.5,54.3,58.775,-4,1.3103051328844373e-05
2015-11-12,7715.75,7611.0,7681.25,7663.375,7715.75,7303.5,62.4,61.1,-4,-0.0005036097801665584
2015-11-19,7698.75,7567.25,7571.25,7633.0,7715.75,7380.75,78.35,62.825,1,-0.00010120505858660645
2015-11-26,7663.0,7441.0,7646.0,7552.0,7715.75,7441.0,45.4375,59.4,-2,-9.109188711967642e-05
2015-12-03,7692.75,7606.0,7663.25,7649.375,7715.75,7441.0,69.15,64.25,-4,0.00019434626546260825
2015-12-10,7725.5,7565.0,7597.0,7645.25,7725.5,7441.0,84.05,70.575,2,4.320024632579189e-05
2015-12-17,7716.0,7579.25,7630.0,7647.625,7725.5,7441.0,104.1,74.925,-2,-0.001035496654219803
2015-12-24,7672.25,7459.75,7558.0,7566.0,7725.5,7459.75,54.6,77.975,0,0.00010889354643653926
2015-12-31,7618.5,7490.75,7599.5,7554.625,7725.5,7459.75,65.5625,81.3625,-4,-0.0007182453452109882
2016-01-07,7686.25,7560.0,7576.25,7623.125,7716.0,7459.75,129.9375,87.4125,0,0.00029907847716635904
2016-01-14,7595.25,7271.5,7277.75,7433.375,7686.25,7271.5,138.7,98.1125,0,-0.0005980863767618527
2016-01-21,7358.5,7112.5,7246.0,7235.5,7686.25,7112.5,153.0,110.3625,0,0.0003444919828087145
2016-01-28,7257.25,6972.0,7118.75,7114.625,7686.25,6972.0,120.55,127.75,0,0.00027447001052555153
2016-02-04,7248.5,7090.5,7142.25,7169.5,7595.25,6972.0,112.25,132.25,-2,4.6143275596977065e-05
2016-02-11,7297.75,7079.0,7144.25,7188.375,7358.5,6972.0,136.8,131.825,4,0.0006190592959311903
2016-02-18,7162.0,6850.75,6949.75,7006.375,7297.75,6850.75,97.4375,117.2125,-4,4.974634411326617e-05
2016-02-25,7216.0,6941.5,7143.5,7078.75,7297.75,6850.75,83.1,107.1375,4,0.0004166058573343956
2016-03-03,7236.25,7073.25,7232.75,7154.75,7297.75,6850.75,83.0,99.8625,0,1.3767884299575872e-05
2016-03-10,7346.25,7168.75,7308.75,7257.5,7346.25,6850.75,67.1,83.95,0,0.0010398633495525389
2016-03-17,7343.5,7218.25,7273.5,7280.875,7346.25,6941.5,54.6,71.95,0,2.7254195641224223e-05
2016-03-24,7411.25,7271.0,7391.5,7341.125,7411.25,7073.25,46.05,62.6875,0,0.0003995118773707729
2016-03-31,7439.75,7363.5,7395.75,7401.625,7439.75,7168.75,55.1875,55.525,0,-0.000254060287252067
2016-04-07,7508.75,7372.5,7474.75,7440.625,7508.75,7218.25,68.15,59.125,-2,0.00020779362546831105
2016-04-14,7542.25,7440.0,7468.75,7491.125,7542.25,7271.0,58.55,56.875,2,3.316067416412327e-05
2016-04-21,7561.75,7425.0,7544.75,7493.375,7561.75,7363.5,56.05,58.525,-2,-0.0004773944116554851
2016-04-28,7583.0,7486.5,7496.25,7534.75,7583.0,7372.5,72.05,63.7,-2,-0.00041320169765438617
2016-05-05,7500.25,7344.75,7380.5,7422.5,7583.0,7344.75,61.95,62.15,-4,-8.881381676815182e-05
2016-05-12,7389.75,7290.75,7298.75,7340.25,7583.0,7290.75,60.9,62.7375,-4,-0.00014238857958804864
2016-05-19,7401.5,7269.5,7333.25,7335.5,7583.0,7269.5,69.4,66.075,2,0.0005264935585216901
2016-05-26,7392.25,7279.25,7315.75,7335.75,7500.25,7269.5,56.65,62.225,4,0.00013687496961864998
2016-06-02,7494.0,7313.0,7490.75,7403.5,7494.0,7269.5,33.875,56.0125,0,0.00014950449304179658
2016-06-09,7536.0,7484.75,7530.75,7510.375,7536.0,7269.5,36.4,51.1875,-1,5.764102570804397e-08
2016-06-16,7544.0,7477.25,7510.5,7510.625,7544.0,7279.25,53.95,46.525,4,0.0005092537721450796
2016-06-23,7512.5,7359.75,7424.0,7436.125,7544.0,7313.0,62.3,46.5375,-2,-0.002757538500166168
2016-06-30,7486.5,7360.75,7469.75,7423.625,7544.0,7359.75,130.35,70.75,2,9.803285559978336e-05
2016-07-07,7501.25,7175.0,7414.25,7338.125,7544.0,7175.0,60.625,75.225,0,4.7334536501952853e-05
2016-07-14,7468.5,7373.0,7459.5,7420.75,7512.5,7175.0,49.45,76.075,-4,5.947272121394898e-05
2016-07-21,7615.5,7447.0,7597.25,7531.25,7615.5,7175.0,45.2,72.6125,-2,-3.258458275438025e-05
2016-07-28,7669.5,7549.25,7645.5,7609.375,7669.5,7175.0,40.4,49.4875,0,0.00011682554920550148
2016-08-04,7739.25,7635.75,7727.0,7687.5,7739.25,7373.0,41.55,44.15,6,0.00014500902577168072
2016-08-11,7767.5,7689.0,7751.0,7728.25,7767.5,7447.0,37.65,41.2,-2,-3.51611096392479e-05
2016-08-18,7818.25,7749.75,7807.25,7784.0,7818.25,7549.25,27.55,36.7875,0,-2.8751021385042818e-05
2016-08-25,7842.5,7779.25,7815.75,7810.875,7842.5,7635.75,33.55,35.075,2,5.145163375498418e-05
2016-09-01,7844.0,7775.5,7789.5,7809.75,7844.0,7689.0,40.85,34.9,-2,-0.00010579974539880466
2016-09-08,7824.75,7756.75,7784.75,7790.75,7844.0,7749.75,41.8125,35.6125,-2,-9.514842553182135e-06
2016-09-15,7846.75,7781.5,7803.25,7814.125,7846.75,7756.75,99.5,52.9,2,-6.377707287472668e-05
2016-09-22,7841.5,7643.25,7831.75,7742.375,7846.75,7643.25,47.2,56.5375,4,-2.2128482825234386e-05
2016-09-29,7910.25,7800.5,7904.25,7855.375,7910.25,7643.25,49.95,59.8125,-6,5.144613852813285e-05
2016-10-06,7907.75,7818.75,7862.25,7863.25,7910.25,7643.25,47.4,61.0125,-4,-8.237829742878678e-05
2016-10-13,7906.5,7829.75,7890.0,7868.125,7910.25,7643.25,58.3,50.7125,4,-2.212727434617312e-05
2016-10-20,7919.5,7772.5,7814.0,7846.0,7919.5,7772.5,43.8,49.8625,0,0.0002968261598813249
2016-10-27,7874.75,7799.0,7861.75,7836.875,7919.5,7772.5,53.75,50.8125,-5,-0.00035985343565562153
2016-11-03,7937.5,7822.25,7825.0,7879.875,7937.5,7772.5,63.65,54.875,0,-0.00013945832683054382
2016-11-10,7861.25,7686.25,7692.5,7773.75,7937.5,7686.25,143.5,76.175,-6,-0.0007047843770122241
2016-11-17,7897.75,7576.5,7761.75,7737.125,7937.5,7576.5,78.25,84.7875,4,0.0001340135567551637
2016-11-24,7849.5,7690.75,7846.5,7770.125,7937.5,7576.5,44.8125,84.1125,2,9.855355237362585e-05
2016-12-01,7902.75,7821.0,7867.5,7861.875,7902.75,7576.5,59.1,82.2375,-4,1.580708781867557e-07
2016-12-08,7915.75,7740.75,7754.5,7828.25,7915.75,7576.5,59.9,68.3,1,3.827758720820196e-05
2016-12-15,7887.5,7719.5,7881.0,7803.5,7915.75,7690.75,60.5,56.5125,0,0.00016050931009010673
2016-12-22,7978.25,7868.25,7951.25,7923.25,7978.25,7719.5,36.55,54.0125,0,1.8895602004576073e-05
2016-12-29,7982.75,7920.75,7953.0,7951.75,7982.75,7719.5,41.6875,52.8125,4,0.00034964137371207293
2017-01-05,8011.0,7917.75,7935.0,7964.375,8011.0,7719.5,59.1875,50.675,5,0.00012859004645230377
2017-01-12,7980.75,7866.5,7978.5,7923.625,8011.0,7866.5,45.75,45.275,4,0.00015840856024933457
2017-01-19,8064.75,7969.0,8051.25,8016.875,8064.75,7866.5,31.5625,42.0,4,0.00014875507786488162
2017-01-26,8091.25,8041.5,8070.0,8066.375,8091.25,7866.5,40.45,44.2625,-2,-5.503955470932409e-05
2017-02-02,8185.0,8046.75,8164.25,8115.875,8185.0,7866.5,46.3,41.625,-4,-0.00022367820351046897
2017-02-09,8184.0,8099.75,8147.5,8141.875,8185.0,7969.0,34.0,39.3125,6,7.596909399730789e-05
2017-02-16,8235.75,8136.25,8228.75,8186.0,8235.75,8041.5,34.5,38.8125,2,4.815119805531287e-05
2017-02-23,8333.5,8226.25,8317.0,8279.875,8333.5,8046.75,36.25,37.2875,-4,-8.682428814225097e-05
2017-03-02,8377.75,8303.25,8348.5,8340.5,8377.75,8099.75,42.65,36.9375,-8,-0.000235633630203258
2017-03-09,8416.5,8315.5,8381.25,8366.0,8416.5,8136.25,35.5,37.0625,2,0.0003191886249775622
2017-03-16,8393.75,8350.25,8383.25,8372.0,8416.5,8226.25,36.5,37.3375,-1,6.533439390790096e-05
2017-03-23,8450.5,8374.0,8425.5,8412.25,8450.5,8303.25,50.85,41.375,-1,6.882788781129579e-05
2017-03-30,8451.5,8325.5,8365.0,8388.5,8451.5,8315.5,46.9,42.4375,-4,-9.762396242343207e-05
2017-04-06,8461.5,8327.75,8448.0,8394.625,8461.5,8325.5,48.85,45.775,-4,-0.0001915859161622735
2017-04-13,8491.75,8400.5,8433.25,8446.125,8491.75,8325.5,51.65,49.5625,0,-2.8792012375400412e-05
2017-04-20,8454.25,8358.0,8369.5,8406.125,8491.75,8325.5,45.9375,47.6,3,-5.012579887007096e-05
2017-04-27,8465.25,8358.25,8453.25,8411.75,8491.75,8327.75,49.7,47.9625,6,0.0002766911328627497
2017-05-04,8609.5,8438.0,8601.5,8523.75,8609.5,8358.0,34.6,45.5375,-4,-5.203202902432924e-05
2017-05-11,8652.25,8582.25,8636.25,8617.25,8652.25,8358.0,32.3,40.9375,-2,-7.481363209828062e-05
2017-05-18,8698.25,8623.0,8681.25,8660.625,8698.25,8358.25,67.15,45.9375,2,3.482935639868012e-05
2017-05-25,8737.75,8561.0,8641.0,8649.375,8737.75,8438.0,46.7,45.1875,4,-3.110346648120821e-05
2017-06-01,8806.0,8632.5,8792.5,8719.25,8806.0,8561.0,37.0,45.45,6,0.00039350446737896895
2017-06-08,8834.5,8774.25,8832.5,8804.375,8834.5,8561.0,42.25,48.425,2,9.0472022006427e-05
2017-06-15,8908.25,8832.5,8895.5,8870.375,8908.25,8561.0,118.55,64.175,6,0.0004336575097666051
2017-06-22,8918.0,8651.75,8719.75,8784.875,8918.0,8632.5,72.4,68.9125,4,-8.787948040744897e-05
2017-06-29,8825.0,8671.5,8796.25,8748.25,8918.0,8651.75,112.65,86.4625,-6,0.00024697374323044973
2017-07-06,8862.5,8611.5,8663.5,8737.0,8918.0,8611.5,88.1875,95.75,0,-0.0001623422421313414
2017-07-13,8701.25,8570.75,8607.25,8636.0,8918.0,8570.75,62.7,84.15,-2,8.529446686654785e-05
2017-07-20,8822.5,8602.0,8808.0,8712.25,8862.5,8570.75,50.9,76.3875,-2,-8.104099687011868e-05
2017-07-27,8949.0,8798.25,8935.75,8873.625,8949.0,8570.75,60.6,69.9375,-4,-0.00010072668523078976
2017-08-03,9006.25,8855.25,8920.0,8930.75,9006.25,8570.75,65.15,59.8375,0,-5.052878298251739e-05
2017-08-10,8958.0,8860.5,8900.5,8909.25,9006.25,8602.0,72.25,62.225,-6,-0.000595236769288765
2017-08-17,8983.25,8777.75,8800.25,8880.5,9006.25,8777.75,79.7,69.425,-2,-0.00029919493813902466
2017-08-24,8960.0,8771.5,8810.75,8865.75,9006.25,8771.5,65.75,70.7125,0,3.686755031128142e-05
2017-08-31,8894.5,8762.75,8851.0,8828.625,8983.25,8762.75,71.5,72.3,6,0.00016121681714393877
2017-09-07,9008.5,8787.75,9001.25,8898.125,9008.5,8762.75,62.75,74.575,2,-2.7786511002436676e-05
2017-09-14,9030.25,8900.0,8980.5,8965.125,9030.25,8762.75,45.75,65.1625,-6,-0.00011410668854816564
2017-09-21,8995.25,8918.0,8953.75,8956.625,9030.25,8762.75,56.1,59.4375,-6,-0.00043674847896260085
2017-09-28,9001.25,8902.25,8928.25,8951.75,9030.25,8787.75,62.0,56.7875,2,3.9325731752903883e-05
2017-10-05,8946.0,8825.0,8921.5,8885.5,9030.25,8825.0,46.55,52.6,6,0.0001742994050100699
2017-10-12,9051.0,8916.0,9048.75,8983.5,9051.0,8825.0,35.2,49.9625,0,-7.162049185882591e-05
2017-10-19,9080.0,9020.5,9057.75,9050.25,9080.0,8825.0,34.95,44.675,2,0.00039982212314849664
2017-10-26,9115.75,9034.25,9080.75,9075.0,9115.75,8825.0,55.95,43.1625,2,0.0005842632307535677
2017-11-02,9112.5,8994.0,9067.75,9053.25,9115.75,8916.0,73.45,49.8875,0,0.0003693530872309281
2017-11-09,9267.5,9061.75,9218.75,9164.625,9267.5,8994.0,59.3,55.9125,4,0.00041512390725245707
2017-11-16,9334.5,9219.0,9297.5,9276.75,9334.5,8994.0,60.25,62.2375,2,-0.00010446360435787395
2017-11-23,9341.5,9213.75,9324.0,9277.625,9341.5,8994.0,43.8125,60.075,0,2.138638245271496e-05
2017-11-30,9378.25,9274.25,9372.5,9326.25,9378.25,9061.75,68.95,59.4125,-2,-0.00014426610452399346
2017-12-07,9412.5,9266.0,9352.0,9339.25,9412.5,9213.75,98.65,71.0625,2,0.00030348210083491756
2017-12-14,9374.75,9214.75,9306.0,9294.75,9412.5,9213.75,51.9,68.525,-2,-2.386451000997436e-05
2017-12-21,9403.25,9303.5,9368.5,9353.375,9412.5,9214.75,64.6,71.025,3,-0.00016619810172752159
2017-12-28,9505.25,9360.25,9451.75,9432.75,9505.25,9214.75,40.6875,66.35,-4,8.016003966282437e-06
2018-01-04,9461.25,9391.75,9405.75,9426.5,9505.25,9214.75,81.875,59.7,0,0.00014908000739894957
2018-01-11,9577.0,9342.75,9563.0,9459.875,9577.0,9303.5,54.4,59.0625,4,0.00017586682577506175
2018-01-18,9688.25,9559.25,9686.0,9623.75,9688.25,9342.75,80.625,63.0625,0,-0.000160847062617131
2018-01-25,9805.25,9662.75,9772.5,9734.0,9805.25,9342.75,87.05,71.3,-2,-9.191818402998208e-06
2018-02-01,9963.75,9761.0,9891.0,9862.375,9963.75,9342.75,89.3,75.6875,-1,-0.000125020782919405
2018-02-08,10006.75,9844.25,9858.0,9925.5,10006.75,9559.25,311.5,141.3125,-6,-0.0015136484681284369
2018-02-15,9923.0,9219.75,9276.75,9571.375,10006.75,9219.75,188.1,168.9875,6,0.0005872015667741426
2018-02-22,9787.0,9123.5,9775.5,9455.25,10006.75,9123.5,124.8125,176.45,4,0.00029038817567929033
2018-03-01,9845.0,9654.25,9748.25,9749.625,10006.75,9123.5,135.2,188.8125,-4,0.0004103440860435903
2018-03-08,9968.5,9648.5,9720.25,9808.5,9968.5,9123.5,121.85,152.125,2,0.0002799830416318483
2018-03-15,9936.75,9605.5,9933.75,9771.125,9968.5,9123.5,104.7,123.2875,-2,0.00023864558852622065
2018-03-22,10139.5,9922.5,9995.5,10031.0,10139.5,9605.5,135.4,124.2875,-8,-0.0017240390556085728
2018-03-29,10009.75,9611.0,9617.0,9810.375,10139.5,9605.5,237.35,149.825,6,0.000618886000330543
2018-04-05,9774.25,9346.0,9519.0,9560.125,10139.5,9346.0,198.375,162.225,-8,-0.000657010684383541
2018-04-12,9579.5,9231.75,9525.25,9405.625,10139.5,9231.75,152.5,174.625,4,3.206618350571899e-05
2018-04-19,9618.75,9333.5,9595.75,9476.125,10009.75,9231.75,103.4,174.4375,-2,0.00013165059114611521
2018-04-26,9792.0,9531.25,9705.0,9661.625,9792.0,9231.75,169.25,156.4625,4,0.0008173251427653683
2018-05-03,9715.25,9354.25,9659.75,9534.75,9792.0,9231.75,134.1,139.8125,0,0.00026702467827650623
2018-05-10,9697.0,9463.0,9589.5,9580.0,9792.0,9333.5,99.8,126.6375,6,0.00017984770150029084
2018-05-17,9896.25,9535.5,9890.0,9715.875,9896.25,9354.25,79.35,120.625,2,0.0003590052840247271
2018-05-24,9938.5,9779.25,9830.75,9858.875,9938.5,9354.25,88.65,100.475,4,0.0002934015939508705
2018-05-31,9900.0,9754.75,9882.25,9827.375,9938.5,9463.0,79.8125,89.5875,2,0.00014142105688255135
2018-06-07,9948.5,9815.5,9902.0,9882.0,9948.5,9535.5,88.15,84.125,-5,0.0001967859669530614
2018-06-14,10159.25,9902.25,10086.0,10030.75,10159.25,9754.75,80.9,84.7375,5,1.5093036924995751e-05
2018-06-21,10228.75,10002.75,10219.0,10115.75,10228.75,9754.75,103.55,88.6,-2,-0.00013521035028046802
2018-06-28,10266.25,10065.25,10145.5,10165.75,10266.25,9815.5,135.3,101.975,4,0.0006361570897526203
2018-07-05,10181.75,9863.75,9968.25,10022.75,10266.25,9863.75,116.6875,109.15,4,0.00028961197389490987
2018-07-12,10072.75,9895.25,10033.5,9984.0,10266.25,9863.75,103.65,114.75,8,0.0004810647705445037
2018-07-19,10294.75,10009.0,10290.5,10151.875,10294.75,9863.75,81.2,109.9875,0,-0.00011293908374379046
2018-07-26,10345.5,10200.25,10275.5,10272.875,10345.5,9863.75,105.75,102.0125,2,0.0003194290314940229
2018-08-02,10437.75,10219.25,10338.5,10328.5,10437.75,9895.25,139.7,107.575,3,8.273505730049813e-05
2018-08-09,10374.75,10074.5,10293.5,10224.625,10437.75,10009.0,52.35,94.75,0,-0.0004351991903435826
2018-08-16,10413.25,10270.0,10383.25,10341.625,10437.75,10074.5,94.6,98.1,-2,-0.00021812547790585058
2018-08-23,10386.75,10224.25,10296.75,10305.5,10437.75,10074.5,78.85,91.375,2,2.92552443958094e-05
2018-08-30,10382.75,10229.5,10332.25,10306.125,10413.25,10074.5,70.05,73.9625,2,-0.00030615477566494633
2018-09-06,10604.75,10330.5,10556.75,10467.625,10604.75,10224.25,108.1875,84.85,-4,6.5713353859298e-05
2018-09-13,10601.5,10315.5,10365.25,10458.5,10604.75,10224.25,104.15,88.4625,6,0.0001003178077627731
2018-09-20,10491.0,10300.75,10472.25,10395.875,10604.75,10229.5,104.1,94.4,6,0.0001382077762110634
2018-09-27,10506.5,10308.5,10495.0,10407.5,10604.75,10300.75,90.75,99.925,4,-0.00011580670703017492
2018-10-04,10572.5,10360.0,10543.5,10466.25,10601.5,10300.75,97.95,99.2375,0,0.00047489403043008414
2018-10-11,10615.0,10342.75,10400.5,10478.875,10615.0,10300.75,224.15,129.2375,4,0.0005886981962897941
2018-10-18,10426.25,9794.0,9917.25,10110.125,10615.0,9794.0,188.95,150.45,0,0.0005640584287678219
2018-10-25,10254.75,9920.5,10024.0,10087.625,10615.0,9794.0,234.65,186.425,-2,-0.0016832813312056215
2018-11-01,10130.5,9672.0,9812.75,9901.25,10615.0,9672.0,243.7,222.8625,2,0.00011637183231324454
2018-11-08,9966.0,9466.75,9964.0,9716.375,10426.25,9466.75,169.2,209.125,-4,-0.00022821351327313445
2018-11-15,10117.25,9751.25,10052.25,9934.25,10254.75,9466.75,201.55,212.275,4,-0.0001605054653651683
2018-11-22,10052.5,9598.5,9801.75,9825.5,10130.5,9466.75,193.1875,205.2,-2,-0.0002745489167997217
2018-11-29,9820.75,9335.75,9462.5,9578.25,10117.25,9335.75,139.45,173.3375,4,5.5433379223834846e-05
2018-12-06,9830.0,9381.25,9799.5,9605.625,10117.25,9335.75,196.125,180.7375,4,0.00031985966247907174
2018-12-13,10025.25,9516.5,9710.75,9770.875,10052.5,9335.75,180.5,177.4375,-6,-0.0007089851699365379
2018-12-20,9758.25,9421.5,9638.25,9589.875,10025.25,9335.75,213.1,179.425,-2,0.0008385542153818481
2018-12-27,9650.5,9044.25,9189.5,9347.375,10025.25,9044.25,327.875,218.95,2,0.0026808656690524347
2019-01-03,9202.25,8684.75,9187.75,8943.5,10025.25,8684.75,182.5625,225.45,-2,0.0002826941387696458
2019-01-10,9273.5,9012.75,9026.25,9143.125,9758.25,8684.75,158.05,210.075,0,0.00027000414804860816
2019-01-17,9509.25,9000.75,9489.5,9255.0,9650.5,8684.75,103.9,194.2375,4,0.0004967008922778682
2019-01-24,9624.25,9385.75,9584.25,9505.0,9624.25,8684.75,124.1875,165.3,2,0.0005050338084575335
2019-01-31,9692.5,9456.5,9539.25,9574.5,9692.5,9000.75,139.0,136.2,-4,-0.00038515732859774056
2019-02-07,9807.25,9481.0,9779.0,9644.125,9807.25,9000.75,100.65,116.4375,-4,-0.0002226433495838398
2019-02-14,9903.0,9720.5,9769.75,9811.75,9903.0,9385.75,85.45,113.5,-4,-0.0005059518127520813
2019-02-21,9934.0,9705.25,9884.0,9819.625,9934.0,9456.5,90.25,102.6,-2,-0.00021839248346364749
2019-02-28,9978.0,9839.5,9898.75,9908.75,9978.0,9481.0,76.4,88.9625,5,0.00021035313218508155
2019-03-07,10032.75,9883.5,9966.75,9958.125,10032.75,9705.25,89.05,87.75,-6,-0.0004285026165541606
2019-03-14,10075.75,9867.5,9891.75,9971.625,10075.75,9705.25,100.5,88.8125,-2,0.00019752871829425978
2019-03-21,10166.25,9803.25,10109.25,9984.75,10166.25,9803.25,100.65,91.65,4,0.00025885957598975606
2019-03-28,10383.0,10111.75,10376.5,10247.375,10383.0,9803.25,122.2,103.1,2,0.0002919710163955647
2019-04-04,10386.75,10118.0,10194.0,10252.375,10386.75,9803.25,79.6,100.7375,2,0.00023343527516443973
2019-04-11,10458.25,10192.25,10403.5,10325.25,10458.25,9803.25,61.9,91.0875,-2,0.00010520213994087424
2019-04-18,10503.0,10398.0,10459.25,10450.5,10503.0,10111.75,57.85,80.3875,0,0.00028940775303117896
2019-04-25,10575.5,10440.75,10554.5,10508.125,10575.5,10118.0,83.5625,70.7,-6,-0.0004326315439857287
2019-05-02,10721.5,10511.75,10640.5,10616.625,10721.5,10192.25,104.65,76.6125,4,0.000365989135915068
2019-05-09,10709.75,10524.25,10576.25,10617.0,10721.5,10398.0,164.6,101.4625,0,-0.00045929673145866934
2019-05-16,10714.5,10323.0,10437.25,10518.75,10721.5,10323.0,233.1,145.4375,0,-0.00023660856025483623
2019-05-23,10496.5,10132.0,10442.25,10314.25,10721.5,10132.0,131.05,158.35,0,0.0005322147966230206
2019-05-30,10462.0,10110.0,10153.0,10286.0,10714.5,10110.0,86.5625,155.6375,-2,-0.0003479244356420774
2019-06-06,10221.75,10025.25,10097.25,10123.5,10714.5,10025.25,147.4,153.525,2,0.00047039337324641386
2019-06-13,10141.25,9783.25,10124.25,9962.25,10496.5,9783.25,129.45,133.65,-2,-1.1607643153366265e-05
2019-06-20,10442.75,10099.75,10364.75,10271.25,10462.0,9783.25,106.7,121.5375,-4,-4.000774758999848e-05
2019-06-27,10633.25,10293.5,10585.0,10463.375,10633.25,9783.25,97.7,120.3125,0,-0.00011635154183086139
2019-07-04,10615.75,10421.75,10502.75,10518.75,10633.25,9783.25,91.625,107.7,6,5.60207571225213e-05
2019-07-11,10705.0,10476.25,10699.75,10590.625,10705.0,10099.75,104.3,101.25,-2,0.00019566833325425083
2019-07-18,10775.5,10555.25,10731.0,10665.375,10775.5,10293.5,80.8,95.4375,4,0.0008625757718339511
2019-07-25,10813.75,10645.25,10745.75,10729.5,10813.75,10421.75,120.15,98.425,0,0.0006743470367774673
2019-08-01,10864.0,10627.5,10794.0,10745.75,10864.0,10476.25,137.5,110.6875,-4,-0.0007351499802954687
2019-08-08,10853.0,10589.0,10620.5,10721.0,10864.0,10555.25,246.15,146.15,2,-0.00010043763137728146
2019-08-15,10618.25,10036.75,10548.0,10327.5,10864.0,10036.75,212.95,179.1875,2,0.000924568633945122
2019-08-22,10601.75,10200.5,10308.5,10401.125,10864.0,10036.75,122.55,179.7875,2,0.00023492083691374345
2019-08-29,10594.5,10314.75,10523.5,10454.625,10853.0,10036.75,196.35,194.5,2,-2.1082457151266885e-06
2019-09-05,10574.25,10165.5,10524.25,10369.875,10618.25,10036.75,132.5625,170.1,4,0.00010566613865107267
2019-09-12,10699.0,10393.0,10667.75,10546.0,10699.0,10165.5,94.65,139.125,4,-0.00010838809289359652
2019-09-19,10795.0,10556.5,10733.75,10675.75,10795.0,10165.5,96.3,129.75,2,9.378445623875464e-06
2019-09-26,10793.5,10618.0,10737.75,10705.75,10795.0,10165.5,144.7,119.5125,-4,-0.0001105365411494419
2019-10-03,10772.0,10482.75,10607.0,10627.375,10795.0,10393.0,162.25,124.475,0,7.893701059660251e-05
2019-10-10,10661.25,10294.0,10478.25,10477.625,10795.0,10294.0,156.55,139.95,6,0.0005168362362113598
2019-10-17,10619.5,10403.0,10580.0,10511.25,10793.5,10294.0,97.15,140.1625,-4,-0.00016001779206391563
2019-10-24,10814.5,10586.75,10772.5,10700.625,10814.5,10294.0,110.15,131.525,0,-0.00014032871128395464
2019-10-31,10808.5,10630.0,10748.0,10719.25,10814.5,10294.0,99.25,115.775,0,0.00046261425722247116
2019-11-07,10960.75,10738.25,10910.0,10849.5,10960.75,10403.0,74.25,95.2,-4,-0.00046959497920994185
2019-11-14,11102.0,10904.25,11050.25,11003.125,11102.0,10586.75,66.4,87.5125,4,0.0004462323015648195
2019-11-21,11120.0,11009.75,11085.25,11064.875,11120.0,10630.0,80.4,80.075,2,0.00020282511634133192
2019-11-28,11198.75,11050.75,11094.25,11124.75,11198.75,10738.25,74.125,74.7375,2,-0.00018189763441996964
2019-12-05,11278.5,11053.0,11274.5,11165.75,11278.5,10904.25,113.45,84.5,0,0.00017291528289263834
2019-12-12,11278.0,10988.0,11129.0,11133.0,11278.5,10988.0,93.0,90.0,4,0.0006152600734663727
2019-12-19,11316.75,11116.75,11285.0,11216.75,11316.75,10988.0,67.45,86.7,3,0.00012432642571622577
2019-12-26,11459.5,11238.75,11450.5,11349.125,11459.5,10988.0,50.0625,81.575,8,0.0003123045588755424
2020-01-02,11582.0,11442.25,11581.25,11512.125,11582.0,10988.0,105.5625,79.5125,2,-0.00022417536077292687
2020-01-09,11678.5,11468.25,11668.75,11573.375,11678.5,11116.75,155.0,95.8375,4,0.00041675156365141854
2020-01-16,11799.25,11455.0,11786.0,11627.125,11799.25,11238.75,87.9,97.8375,4,0.0002812447105320692
2020-01-23,11917.25,11743.25,11910.5,11830.25,11917.25,11442.25,82.5625,103.6,4,0.0004673407374802596
2020-01-30,12031.0,11891.75,12025.25,11961.375,12031.0,11455.0,180.7,129.875,6,0.0013923228369428608
2020-02-06,12064.25,11702.5,11993.25,11883.375,12064.25,11455.0,201.25,138.4625,2,-4.850192914780393e-05
2020-02-13,12241.0,11743.0,12232.5,11992.0,12241.0,11702.5,126.6,147.6625,6,2.2741557351924068e-05
2020-02-20,12421.75,12107.75,12390.0,12264.75,12421.75,11702.5,145.8125,161.3875,-6,-0.0001921951218904039
2020-02-27,12540.0,12294.0,12401.25,12417.0,12540.0,11702.5,383.2,218.75,-6,-0.0037414786275160815
2020-03-05,12400.75,11111.25,11159.75,11756.0,12540.0,11111.25,465.95,278.175,-6,-0.0015698727366369014
2020-03-12,11779.5,10903.25,11425.75,11341.375,12540.0,10903.25,617.15,402.4125,-4,-0.002639812612902981
2020-03-19,11503.5,9905.5,9992.25,10704.5,12540.0,9905.5,773.15,559.8625,2,-0.0007777412422243169
2020-03-26,10755.0,9583.0,10046.5,10169.0,12400.75,9583.0,597.2,613.3625,2,0.00018975213093576083
2020-04-02,10666.5,9401.75,10617.0,10034.125,11779.5,9401.75,354.15,585.4125,0,0.00020737904865121283
2020-04-09,10768.0,10138.0,10400.25,10453.0,11503.5,9401.75,336.3,515.2,2,0.0007219781892874533
2020-04-16,11099.25,10196.5,11000.5,10647.875,11099.25,9401.75,304.875,414.3,4,0.002173447774302817
2020-04-23,11615.5,10846.25,11507.25,11230.875,11615.5,9401.75,272.65,330.9125,-4,-0.0009106970255172043
2020-04-30,11739.75,11115.0,11371.75,11427.375,11739.75,10138.0,285.7,298.65,-6,-0.000858369736054021
2020-05-07,11917.75,11271.25,11761.5,11594.5,11917.75,10196.5,237.45,271.15,6,0.0008436896081716827
2020-05-14,11899.0,11329.25,11880.75,11614.125,11917.75,10846.25,248.35,261.0375,0,0.0011683963499455885
2020-05-21,12118.5,11620.0,11852.5,11869.25,12118.5,11115.0,201.05,243.1375,-6,-0.000908475195084002
2020-05-28,12283.75,11698.5,12128.75,11991.125,12283.75,11271.25,248.125,235.75,2,-0.0007211976106727969
2020-06-04,12377.0,11945.5,12233.25,12161.25,12377.0,11329.25,160.45,211.875,0,-4.427327743407039e-05
2020-06-11,12515.5,12145.0,12399.25,12330.25,12515.5,11620.0,263.85,218.8125,-2,-0.00017275732443100544
2020-06-18,12928.5,12357.5,12389.75,12643.0,12928.5,11698.5,259.85,228.6,0,0.00010882664223942351
2020-06-25,12938.5,12259.25,12874.0,12598.875,12938.5,11945.5,269.55,238.425,2,0.0006413314804635361
2020-07-02,13187.25,12734.5,12979.25,12960.875,13187.25,12145.0,241.1,258.5875,2,-0.00023544073677405074
2020-07-09,13313.25,12619.75,13246.75,12966.5,13313.25,12259.25,219.125,262.575,0,9.408829378199091e-06
2020-07-16,13665.25,13199.75,13618.5,13432.5,13665.25,12259.25,298.25,254.175,4,3.983268005779417e-05
2020-07-23,13949.5,13249.75,13402.75,13599.625,13949.5,12619.75,285.7,261.1625,-4,-0.0008214550827771894
2020-07-30,13949.0,13405.5,13439.25,13677.25,13949.5,12619.75,281.1,268.875,6,0.0012163826873530237
2020-08-06,13788.25,13192.0,13685.0,13490.125,13949.5,13192.0,173.05,259.525,4,7.62942385238441e-05
2020-08-13,14162.75,13582.0,14152.25,13872.375,14162.75,13192.0,253.5,248.3375,2,-5.4079909565729614e-05
2020-08-20,14174.25,13736.5,14066.25,13955.375,14174.25,13192.0,173.95,220.4,6,0.0005831056328545082
2020-08-27,14387.5,13987.0,14368.25,14187.25,14387.5,13192.0,202.95,200.8625,0,0.00039947286986636855
2020-09-03,14937.0,14298.0,14843.75,14617.5,14937.0,13582.0,316.7,236.775,-6,-0.0006386212146377246
2020-09-10,15356.25,14549.5,14691.5,14952.875,15356.25,13736.5,566.9375,295.375,2,-0.0005574195851379083
2020-09-17,14734.0,13826.25,14069.25,14280.125,15356.25,13826.25,325.35,338.3875,-2,0.0006659372007539966
2020-09-24,14402.0,13767.25,13938.25,14084.625,15356.25,13767.25,371.05,377.225,4,-8.554329037608887e-05
2020-10-01,14085.0,13519.5,13754.75,13802.25,15356.25,13519.5,272.5,394.625,0,-0.000566417083357007
2020-10-08,14462.25,13676.75,14437.75,14069.5,14734.0,13519.5,279.8,312.175,2,0.000608041998093034
2020-10-15,14467.75,14060.5,14402.0,14264.125,14467.75,13519.5,292.45,303.95,6,6.791594655952693e-05
2020-10-22,15112.0,14415.5,14737.0,14763.75,15112.0,13519.5,238.0,270.6875,-2,0.0001005518832069452
2020-10-29,14885.0,14374.0,14512.75,14629.5,15112.0,13676.75,285.4,273.9125,2,-0.0013673595322272968
2020-11-05,14558.5,13986.75,14205.75,14272.625,15112.0,13986.75,384.35,300.05,-4,-0.0006344885606433204
2020-11-12,14982.5,13805.25,14939.5,14393.875,15112.0,13805.25,355.6,315.8375,-2,-3.926943957797135e-05
2020-11-19,15271.75,14366.25,14683.0,14819.0,15271.75,13805.25,174.15,299.875,6,0.0001833917285289144
2020-11-26,14961.75,14664.75,14850.25,14813.25,15271.75,13805.25,168.625,278.5,0,-6.456166328516755e-05
2020-12-03,15040.75,14671.25,15015.25,14856.0,15271.75,13805.25,184.85,230.2,0,0.0002604294082995229
2020-12-10,15403.25,14949.0,15325.25,15176.125,15403.25,14366.25,194.85,182.1875,-2,-0.00016723875608518624
2020-12-17,15538.0,15081.25,15265.0,15309.625,15538.0,14664.75,151.2,176.225,0,-7.567960075687275e-05
2020-12-24,15583.75,15097.25,15568.0,15340.5,15583.75,14671.25,175.1,176.5,-2,0.00024829919921215415
2020-12-31,15606.75,15278.0,15521.5,15442.375,15606.75,14949.0,124.75,160.05,2,0.0001641144340676748
2021-01-07,15735.25,15472.25,15702.5,15603.75,15735.25,15081.25,332.375,202.95,8,0.0003504627794480575
2021-01-14,15776.75,15308.25,15745.0,15542.5,15776.75,15097.25,192.25,194.7,-4,-0.0007126605651400885
2021-01-21,15942.0,15584.25,15718.0,15763.125,15942.0,15278.0,243.8125,206.9625,0,-0.00010346141150604504
2021-01-28,16240.5,15544.0,16212.5,15892.25,16240.5,15308.25,375.3,266.5625,0,-0.0023413796005652076
2021-02-04,16416.75,15701.75,16003.0,16059.25,16416.75,15308.25,320.75,287.95,4,0.0007179451317783414
2021-02-11,16401.5,15544.25,16364.5,15972.875,16416.75,15544.0,140.2,265.2125,2,0.0001264553418114822
2021-02-18,16586.25,16333.75,16546.0,16460.0,16586.25,15544.0,214.125,258.9,-2,0.00010201626908166173
2021-02-25,16717.5,16285.0,16450.0,16501.25,16717.5,15544.25,430.5,290.075,-4,-0.0013415532667042096
2021-03-04,16546.0,15574.25,15648.75,16060.125,16717.5,15544.25,426.7,303.35,-2,0.0010693828244311087
2021-03-11,16145.25,15123.5,15272.0,15634.375,16717.5,15123.5,445.1,374.9625,0,-0.000368337912986727
2021-03-18,15936.25,15024.25,15865.25,15480.25,16717.5,15024.25,326.85,407.2875,-6,-0.001110466211618466
2021-03-25,16104.25,15579.0,15596.75,15841.625,16546.0,15024.25,277.8,369.1125,0,0.0008561777742286059
2021-04-01,15989.0,15426.75,15587.5,15707.875,16145.25,15024.25,251.55,325.325,8,0.0005069291508458362
2021-04-08,16149.5,15493.25,16133.0,15821.375,16149.5,15024.25,188.75,271.55,8,0.00037898407590274407
2021-04-15,16606.75,16121.25,16564.75,16364.0,16606.75,15426.75,203.25,246.15,2,-0.00015475708152663526
2021-04-22,16851.25,16465.25,16831.0,16658.25,16851.25,15426.75,204.3,215.0125,0,0.00023335580469030504
2021-04-29,16876.5,16517.5,16567.25,16697.0,16876.5,15493.25,183.25,197.5875,-4,-0.0001569005819781366
2021-05-06,16881.0,16554.0,16770.5,16717.5,16881.0,16121.25,229.95,205.1875,6,0.0009225783353693617
2021-05-13,16773.75,16197.75,16414.75,16485.75,16881.0,16197.75,337.5,238.75,2,0.000854243640188479
2021-05-20,16635.0,15732.0,15917.25,16183.5,16881.0,15732.0,307.1,264.45,8,0.0002111460864225645
2021-05-27,16339.75,15771.25,16303.5,16055.5,16881.0,15732.0,161.75,259.075,4,5.519458555200973e-05
2021-06-03,16555.75,16173.5,16482.5,16364.625,16773.75,15732.0,159.125,244.55,-4,-0.0002739405654815341
2021-06-10,16590.0,16279.25,16346.25,16434.625,16635.0,15732.0,195.05,213.2375,8,0.00010167256766644429
2021-06-17,16793.5,16284.75,16776.75,16539.125,16793.5,15771.25,202.35,190.2125,6,0.00012117165461147383
2021-06-24,17019.25,16650.5,16976.5,16834.875,17019.25,16173.5,167.2,178.0,0,3.965281047766389e-05
2021-07-01,17242.25,16778.75,17174.5,17010.5,17242.25,16279.25,119.8,171.1,-2,6.384468165385738e-05
2021-07-08,17426.5,17133.5,17368.75,17280.0,17426.5,16284.75,204.875,175.8375,0,-0.00030291399335630187
2021-07-15,17704.0,17333.5,17532.5,17518.75,17704.0,16650.5,180.85,175.8,-4,0.00039643546977090604
2021-07-22,17816.25,17461.0,17607.75,17638.625,17816.25,16778.75,208.8,176.2875,4,0.0003803541649993636
2021-07-29,17803.0,17265.25,17748.75,17534.125,17816.25,17133.5,205.75,196.5875,-2,-0.0012411617020557041
2021-08-05,17954.25,17594.5,17858.0,17774.375,17954.25,17265.25,153.15,187.1375,2,5.723789835972992e-05
2021-08-12,17992.75,17631.5,17988.0,17812.125,17992.75,17265.25,146.55,178.5625,2,0.00010808178204162467
2021-08-19,17990.0,17761.5,17898.75,17875.75,17992.75,17265.25,212.9,179.5875,0,-5.042348917236872e-05
2021-08-26,17962.0,17530.75,17748.25,17746.375,17992.75,17530.75,151.3,165.975,2,3.182040866889224e-06
2021-09-02,18217.25,17671.25,18095.0,17944.25,18217.25,17530.75,157.25,167.0,0,0.00024385563752136186
2021-09-09,18519.25,18085.75,18421.25,18302.5,18519.25,17530.75,131.125,164.05,2,7.109176137837236e-05
2021-09-16,18529.0,18344.0,18379.0,18436.5,18529.0,17530.75,201.9,168.2625,0,0.00027671373795713495
2021-09-23,18488.25,18126.5,18328.25,18307.375,18529.0,17671.25,292.55,194.8,0,-0.0002953133272796227
2021-09-30,18347.0,17626.25,18122.25,17986.625,18529.0,17626.25,271.0,224.1,-4,-0.0009037644017903968
2021-10-07,18218.0,17489.0,17501.25,17853.5,18529.0,17489.0,336.45,275.475,0,-0.00047974504145896767
2021-10-14,17820.0,17186.5,17700.0,17503.25,18488.25,17186.5,227.05,281.7625,6,0.000364867484371767
2021-10-21,17890.25,17404.25,17856.0,17647.25,18347.0,17186.5,174.05,252.1375,4,-8.353554046546252e-05
2021-10-28,18302.5,17839.5,18297.5,18071.0,18302.5,17186.5,216.5,238.5125,-2,-0.00042515020696295427
2021-11-04,18595.75,18092.5,18583.5,18344.125,18595.75,17186.5,235.25,213.2125,2,-4.173815421173455e-05
2021-11-11,19194.75,18414.25,19149.5,18804.5,19194.75,17404.25,213.05,209.7125,-2,5.611554089547388e-05
2021-11-18,19267.25,18715.25,18841.5,18991.25,19267.25,17839.5,199.8,216.15,6,0.0006686259480761958
2021-11-25,19326.75,18820.5,19300.0,19073.625,19326.75,18092.5,279.25,227.3625,-8,-0.0006177117368568408
2021-12-02,19586.25,18920.75,19184.75,19253.5,19586.25,18414.25,428.2,278.4375,0,-7.835460988511178e-05
2021-12-09,19275.0,18581.5,18807.25,18928.25,19586.25,18581.5,391.35,317.5875,-2,-0.0005225087335042344
2021-12-16,19255.5,18356.75,18967.5,18806.125,19586.25,18356.75,434.75,379.65,-6,-0.0005004886213995418
2021-12-23,19281.5,18558.5,18691.25,18920.0,19586.25,18356.75,311.8,391.525,6,0.000528208529026386
2021-12-30,19180.5,18316.5,19123.5,18748.5,19281.5,18316.5,205.5,340.75,-4,-0.0006175894647336589
2022-01-06,19484.0,19128.75,19254.75,19306.375,19484.0,18316.5,322.2,323.275,-2,-0.00020087834009236972
2022-01-13,19388.5,18423.0,18583.5,18905.75,19484.0,18316.5,398.4,332.4,-5,-0.0008980113455747341
2022-01-20,18833.75,17977.0,18314.75,18405.375,19484.0,17977.0,461.3125,339.125,-4,-0.002701092194817811
2022-01-27,18477.75,17471.25,17665.5,17974.5,19484.0,17471.25,639.2,440.025,2,0.0004601070900440818
2022-02-03,17683.0,16530.5,16811.25,17106.75,19388.5,16530.5,534.7,500.2,0,0.0008452934650699295
2022-02-10,18084.5,16655.5,17316.75,17370.0,18833.75,16530.5,368.0,503.8125,-8,-0.0015647289768420448
2022-02-17,17892.5,17187.25,17525.5,17539.875,18477.75,16530.5,423.15,491.2625,-4,-0.00024078071561238755
2022-02-24,17591.25,16855.5,16989.25,17223.375,18084.5,16530.5,631.25,485.95,2,0.0015443920205368221
2022-03-03,17123.5,15850.25,16791.0,16486.875,18084.5,15850.25,459.1,471.725,-4,-0.001047327025237166
2022-03-10,17215.5,16499.5,16855.0,16857.5,17892.5,15850.25,508.8,496.025,-2,0.00018899613875403843
2022-03-17,16911.0,15927.75,16410.5,16419.375,17591.25,15850.25,494.2,516.175,0,-0.0004768261442081756
2022-03-24,16914.5,15724.5,16889.75,16319.5,17215.5,15724.5,346.8,452.225,6,0.0008470870259589591
2022-03-31,17551.75,16748.5,17545.75,17150.125,17551.75,15724.5,298.75,412.1375,-2,-0.0005056452737622119
2022-04-07,18050.75,17354.5,17650.75,17702.625,18050.75,15724.5,361.9,375.4125,0,0.00020274836491240844
2022-04-14,17980.0,17099.0,17318.0,17539.5,18050.75,15724.5,379.45,346.725,-4,-0.0019592832357629543
2022-04-21,17424.25,16658.5,16675.75,17041.375,18050.75,16658.5,411.0,359.0375,-4,-0.0009348630193040996
2022-04-28,17080.0,16449.5,16510.25,16764.75,18050.75,16449.5,508.4,410.9,2,-0.0006054136710892943
2022-05-05,16563.0,15583.5,16236.75,16073.25,17980.0,15583.5,545.6,456.4,-6,3.7740584084089425e-05
2022-05-12,16337.25,15487.25,15640.0,15912.25,17424.25,15487.25,494.7,490.3625,2,0.0026116981515437064
2022-05-19,15710.75,14471.0,14729.25,15090.875,17080.0,14471.0,459.4,502.025,4,0.00024497333111455076
2022-05-26,15376.0,14486.0,14660.25,14931.0,16563.0,14471.0,443.0,485.675,2,-0.00035499927201271264
2022-06-02,15125.0,14273.25,15061.25,14699.125,16337.25,14273.25,432.8125,477.975,2,0.00038781961336581405
2022-06-09,15685.75,15004.0,15675.75,15344.875,15710.75,14273.25,345.5,420.725,-2,-0.0016658246842539692
2022-06-16,15727.25,15037.25,15057.0,15382.25,15727.25,14273.25,498.85,427.0375,-2,0.0011921106684004035
2022-06-23,15120.75,13879.75,13968.5,14500.25,15727.25,13879.75,353.25,411.2375,4,0.0016156904152562102
2022-06-30,14578.0,13930.25,14548.75,14254.125,15727.25,13879.75,354.9,393.525,-2,-0.001689051044070844
2022-07-07,15073.25,14162.25,14340.75,14617.75,15727.25,13879.75,313.25,380.4625,4,-0.00020756703396238585
2022-07-14,14979.75,14193.0,14949.75,14586.375,15120.75,13879.75,337.1,363.975,2,0.0007732887259456866
2022-07-21,15022.25,14290.5,14608.75,14656.375,15073.25,13930.25,322.65,331.625,2,-0.0002670619949045938
2022-07-28,15466.5,14551.5,15451.25,15009.0,15466.5,14162.25,389.15,342.1625,4,0.0011008023398403678
2022-08-04,15759.25,14883.25,15548.75,15321.25,15759.25,14193.0,285.6,333.625,4,0.0004639638417516578
2022-08-11,16167.25,15555.5,16138.25,15861.375,16167.25,14290.5,316.95,328.5875,-2,-0.00030667239909119013
2022-08-18,16386.25,15774.5,16122.5,16080.375,16386.25,14551.5,226.25,304.4875,-4,-0.0002926017634735212
2022-08-25,16552.0,16123.25,16334.5,16337.625,16552.0,14883.25,263.35,273.0375,4,0.0003589184019244573
2022-09-01,16345.75,15634.75,15967.25,15990.25,16552.0,15555.5,362.15,292.175,0,0.0014571023535751237
2022-09-08,16031.25,14829.0,15103.5,15430.125,16552.0,14829.0,346.125,296.6625,4,0.0009807578528330918
2022-09-15,15273.0,14732.75,15133.0,15002.875,16552.0,14732.75,382.9,329.5625,-6,-0.0012711005323895242
2022-09-22,15693.5,14639.0,14709.0,15166.25,16345.75,14639.0,309.25,344.625,-4,-0.0005494211252818793
2022-09-29,14842.0,14211.5,14267.0,14526.75,16031.25,14211.5,387.0,353.1,-4,0.0006681261260785609
2022-10-06,14315.0,13793.0,13929.75,14054.0,15693.5,13793.0,352.6,357.9375,0,-0.0008212674537768305
2022-10-13,14431.25,13592.25,14243.25,14011.75,15693.5,13592.25,376.5,356.3375,4,0.0005636820000919363
2022-10-20,14266.0,13186.25,13785.25,13726.125,14842.0,13186.25,392.95,377.2625,-2,-0.0005487470020888563
2022-10-27,14133.25,13414.5,13792.25,13773.875,14431.25,13186.25,398.3,380.0875,-2,-0.0008396853105083091
2022-11-03,14435.5,13623.0,13936.75,14029.25,14435.5,13186.25,392.2,389.9875,-2,-1.2116895455327459e-05
2022-11-10,14327.5,13409.5,13429.5,13868.5,14435.5,13186.25,428.45,402.975,6,0.0015224108222900879
2022-11-17,14378.5,13337.5,14333.75,13858.0,14435.5,13337.5,288.75,376.925,0,-0.00021339562095558097
2022-11-24,14820.25,14229.75,14412.0,14525.0,14820.25,13337.5,211.1875,350.3875,0,-2.7324233524161913e-05
2022-12-01,14594.25,14228.0,14564.25,14411.125,14820.25,13337.5,280.4,306.0375,-2,-0.00019981958231874987
2022-12-08,14846.5,14166.5,14764.25,14506.5,14846.5,13337.5,273.7,296.55,4,0.00022542858282634804
2022-12-15,14769.25,14124.0,14347.0,14446.625,14846.5,14124.0,364.35,286.8125,-4,0.00019391282256647768
2022-12-22,14954.5,14003.75,14056.75,14479.125,14954.5,14003.75,285.4,300.9625,-2,0.0011090514914869677
2022-12-29,14091.25,13470.25,13654.0,13780.75,14954.5,13470.25,262.75,293.5,-2,-0.00030540580678273255
2023-01-05,13783.5,13358.5,13632.5,13571.0,14954.5,13358.5,245.0,285.3125,-2,-0.00017759152207411644
2023-01-12,13781.75,13404.75,13420.0,13593.25,14954.5,13358.5,282.0,285.125,0,-0.0005232849596014221
2023-01-19,14179.5,13350.75,14134.0,13765.125,14179.5,13350.75,218.8125,262.4,2,6.086516082107751e-05
2023-01-26,14359.25,13908.25,13956.25,14133.75,14359.25,13350.75,291.05,262.85,0,0.00010258116252657157
2023-02-02,14712.75,13965.0,14706.5,14338.875,14712.75,13350.75,374.85,292.825,0,-0.001709491496632809
2023-02-09,15549.5,14470.75,15446.5,15010.125,15549.5,13350.75,302.4,300.275,-4,-0.0006468653538107327
2023-02-16,15477.75,14966.25,15025.25,15222.0,15549.5,13908.25,275.25,310.8875,-8,-0.0017366033772837296
2023-02-23,15392.5,14843.0,15082.25,15117.75,15549.5,13965.0,233.3125,297.075,0,0.00041486790550547824
2023-03-02,15066.0,14628.25,14807.25,14847.125,15549.5,14470.75,223.75,273.7875,2,0.0002649453888264652
2023-03-09,14814.25,14432.25,14661.75,14623.25,15477.75,14432.25,257.65,253.925,-4,-0.001122473124928447
2023-03-16,15086.0,14577.25,14607.0,14831.625,15392.5,14432.25,357.45,273.25,4,0.0004977587259089699
2023-03-23,15161.75,14232.25,15141.5,14697.0,15161.75,14232.25,285.8,281.1625,-2,-0.00023596484193422196
2023-03-30,15508.0,14951.25,15280.0,15229.625,15508.0,14232.25,211.35,278.0625,2,0.0006373020226394521
2023-04-06,15537.75,15060.25,15508.0,15299.0,15537.75,14232.25,212.25,266.7125,2,-6.566498172922985e-05
2023-04-13,15774.75,15379.25,15596.75,15577.0,15774.75,14232.25,213.55,230.7375,4,1.7962355943301755e-05
2023-04-20,15667.75,15351.5,15635.75,15509.625,15774.75,14951.25,167.8,201.2375,4,-0.0005672048975286726
2023-04-27,15724.75,15447.75,15500.25,15586.25,15774.75,15060.25,242.75,209.0875,4,3.9548410636580655e-05
2023-05-04,15759.0,15226.0,15657.25,15492.5,15774.75,15226.0,181.65,201.4375,2,-8.70148749997357e-06
2023-05-11,15796.25,15427.75,15469.75,15612.0,15796.25,15226.0,176.65,192.2125,4,0.0004017520465505964
2023-05-18,15896.25,15481.75,15872.5,15689.0,15896.25,15226.0,184.3,196.3375,4,0.0009570525105552675
2023-05-25,16339.0,15736.5,16320.0,16037.75,16339.0,15226.0,245.6,197.05,0,-0.00022803223250150717
2023-06-01,16457.25,15992.5,16402.5,16224.875,16457.25,15427.75,284.9375,217.1875,2,0.00012590196680057898
2023-06-08,16996.0,16350.5,16898.25,16673.25,16996.0,15481.75,220.05,224.9125,4,0.0002445563330316869
2023-06-15,17120.75,16682.75,16929.0,16901.75,17120.75,15736.5,267.5,254.5125,2,-4.386490875487592e-05
2023-06-22,17688.75,16886.25,17621.75,17287.5,17688.75,15992.5,239.5,259.7875,0,-9.693914507963308e-05
2023-06-29,17723.25,17211.75,17462.5,17467.5,17723.25,16350.5,240.9,244.0125,2,0.0003775701510435159
2023-07-06,17483.75,17101.25,17348.0,17292.5,17723.25,16682.75,198.25,246.625,2,-8.271915750098779e-05
2023-07-13,17679.75,17346.75,17485.75,17513.25,17723.25,16886.25,212.3,232.975,6,0.0003442179252187372
2023-07-20,17989.0,17311.0,17959.25,17650.0,17989.0,17101.25,255.2,230.45,0,-0.0004985226085770123
2023-07-27,18310.5,17794.75,17840.0,18052.625,18310.5,17101.25,227.2,222.0375,-2,-0.0005958884184288804
2023-08-03,18151.75,17731.5,17818.75,17941.625,18310.5,17311.0,250.4,236.275,4,0.0003599084878694647
2023-08-10,18164.75,17587.25,17686.5,17876.0,18310.5,17311.0,261.4,248.55,-2,0.0003492087296634083
2023-08-17,17858.0,17383.75,17449.0,17620.875,18310.5,17383.75,255.1,248.525,-4,-0.0006718048446563652
2023-08-24,17582.75,16986.0,17025.75,17284.375,18164.75,16986.0,334.7,275.4,-6,-0.0007634678849677945
2023-08-31,17665.75,16857.0,17109.75,17261.375,18164.75,16857.0,227.75,269.7375,4,-4.619495749008662e-05
2023-09-07,17854.5,16999.5,17786.25,17427.0,17858.0,16857.0,210.4375,261.7875,-2,-8.430329227426814e-06
2023-09-14,17909.0,17405.25,17530.0,17657.125,17909.0,16857.0,192.9,244.925,4,0.0001899894785244327
2023-09-21,17758.0,17449.5,17717.0,17603.75,17909.0,16857.0,261.5,242.675,-4,-0.0004496575314847151
2023-09-28,17763.25,16884.5,16906.25,17323.875,17909.0,16884.5,234.5,221.65,-2,0.00010839639978857952
2023-10-05,17071.0,16629.5,16903.25,16850.25,17909.0,16629.5,291.75,245.1625,0,1.0958804930216726e-05
2023-10-12,17104.25,16632.5,16905.25,16868.375,17763.25,16629.5,278.3,266.5125,2,0.00022757846044416664
2023-10-19,17512.25,16703.5,17358.5,17107.875,17763.25,16629.5,275.5,270.0125,-4,-0.0008290214825856235
2023-10-26,17410.25,16883.0,16933.5,17146.625,17512.25,16629.5,315.25,290.2,0,0.00059346012129875
2023-11-02,16992.25,16183.75,16237.5,16588.0,17512.25,16183.75,248.3,279.3375,4,-0.0002152485284893757
2023-11-09,17060.75,16253.25,17041.5,16657.0,17512.25,16183.75,201.3,260.0875,-4,-0.0005529073971294651
2023-11-16,17497.25,16969.0,17299.5,17233.125,17497.25,16183.75,248.1,253.2375,2,0.00021343362021888356
2023-11-23,18093.0,17250.75,17941.0,17671.875,18093.0,16183.75,208.9375,233.1125,-2,2.4886511476318596e-05
2023-11-30,18217.0,17868.5,18092.75,18042.75,18217.0,16253.25,163.8,208.725,-4,0.00044844006834194873
2023-12-07,18252.0,17899.5,18029.0,18075.75,18252.0,16969.0,240.25,215.675,4,-8.964087011908983e-05
2023-12-14,18109.5,17764.75,18082.25,17937.125,18252.0,17250.75,225.15,204.5875,2,0.0005817935757840509
2023-12-21,18725.5,17931.75,18593.5,18328.625,18725.5,17764.75,192.9,205.525,-4,8.739113482201244e-05
2023-12-28,18914.0,18572.75,18797.0,18743.375,18914.0,17764.75,115.4375,199.7875,-4,-8.022968728498281e-05
2024-01-04,19005.75,18732.0,18931.0,18868.875,19005.75,17764.75,243.8125,201.9,-4,-0.00041820835357117005
2024-01-11,18971.5,18276.5,18285.5,18624.0,19005.75,17931.75,274.45,213.0875,-2,5.3544818051332045e-05
2024-01-18,18897.5,18174.75,18806.75,18536.125,19005.75,18174.75,245.5625,221.4625,6,0.0007056796902575214
2024-01-25,18966.25,18529.75,18950.5,18748.0,19005.75,18174.75,227.2,231.5375,-4,-0.00036476419105136993
2024-02-01,19634.0,18947.75,19475.0,19290.875,19634.0,18174.75,293.5,255.4625,2,0.0012373151980985763
2024-02-08,19576.25,19062.0,19277.25,19319.125,19634.0,18174.75,217.65,248.9,2,-2.402733307085292e-05
2024-02-15,19737.0,19306.0,19708.75,19521.5,19737.0,18529.75,251.5,247.4625,0,0.00010640971545895494
2024-02-22,19962.0,19382.5,19753.25,19672.25,19962.0,18947.75,391.625,279.4875,4,-1.3655417290148186e-05
2024-02-29,19927.5,19213.25,19888.0,19570.375,19962.0,19062.0,185.2,262.1375,8,0.00045150104406576074
2024-03-07,19985.25,19666.5,19923.25,19825.875,19985.25,19213.25,320.9,272.9375,6,-0.00030399678947984343
2024-03-14,20218.25,19673.0,20156.75,19945.625,20218.25,19213.25,280.95,284.475,-4,-0.00034025783440081445
2024-03-21,20277.0,19723.75,19857.5,20000.375,20277.0,19213.25,284.3,267.8375,0,-0.0002133058507801655
2024-03-28,20294.75,19592.0,20147.5,19943.375,20294.75,19592.0,156.95,260.775,-2,-0.0001176793923913344
2024-04-04,20211.75,19964.25,20060.75,20088.0,20294.75,19592.0,309.75,264.7125,0,-0.001923434617648001
2024-04-11,20197.75,19641.0,19662.5,19919.375,20294.75,19592.0,318.65,265.275,4,0.0002492005985163193
2024-04-18,20104.5,19637.25,20070.75,19870.875,20294.75,19592.0,342.1,277.8375,-6,-0.0010089207542568035
2024-04-25,20093.5,19092.0,19133.0,19592.75,20211.75,19092.0,390.45,329.3125,0,0.0010317074523496395
2024-05-02,19413.25,18699.0,19153.25,19056.125,20197.75,18699.0,340.3,347.875,2,0.0008130301068479007
2024-05-09,19534.75,18972.0,19235.5,19253.375,20104.5,18699.0,207.9,320.1875,4,0.0001085414865424017
2024-05-16,19852.0,19305.25,19800.25,19578.625,20093.5,18699.0,195.2,283.4625,0,-0.0002520265974700453
2024-05-23,20346.5,19751.25,20235.75,20048.875,20346.5,18699.0,208.5,237.975,-2,-1.581537779512532e-05
2024-05-30,20609.0,20130.75,20282.0,20369.875,20609.0,18972.0,218.3125,215.0125,-6,-0.0007332478120876673
2024-06-06,20566.25,20132.0,20192.25,20349.125,20609.0,19305.25,298.05,225.925,-2,8.335272694446339e-05
2024-06-13,20710.25,19827.0,20646.0,20268.625,20710.25,19751.25,241.35,237.0125,0,0.00032408088722011283
2024-06-20,21276.75,20525.75,21188.25,20901.25,21276.75,19827.0,280.375,265.0125,-6,0.0001614071558292629
2024-06-27,21687.5,21087.25,21348.0,21387.375,21687.5,19827.0,228.25,260.8125,6,0.00034676789396365093
2024-07-04,21433.25,21042.5,21356.0,21237.875,21687.5,19827.0,302.1875,258.9875,-1,0.0001746302997741367
2024-07-11,21751.75,21128.25,21728.0,21440.0,21751.75,20525.75,277.6,271.6375,-6,2.3969383875943606e-05
2024-07-18,22300.25,21677.5,21758.25,21988.875,22300.25,21042.5,390.55,305.175,0,0.00039531425957518574
2024-07-25,22113.5,21075.25,21215.75,21594.375,22300.25,21042.5,427.5,346.475,4,-0.0008928132152007162
2024-08-01,21401.25,20199.75,20308.75,20800.5,22300.25,20199.75,562.7,414.5875,-6,-0.0012515363113612121
2024-08-08,21033.5,20041.5,20339.75,20537.5,22300.25,20041.5,786.8,541.8875,4,-0.0002864100133686875
2024-08-15,20296.25,18667.5,19841.75,19481.875,22113.5,18667.5,363.3,535.075,8,0.0001791256846098932
2024-08-22,20919.75,19699.5,20897.75,20309.625,21401.25,18667.5,292.7,501.375,0,0.00033585064407269937
2024-08-29,21341.75,20764.0,20894.75,21052.875,21341.75,18667.5,387.3,457.525,2,-0.0008037703361738702
2024-09-05,21220.75,20456.75,20709.75,20838.75,21341.75,18667.5,411.625,385.7375,-2,-0.0005719482446900015
2024-09-12,20999.5,20142.25,20280.0,20570.875,21341.75,19699.5,464.5,393.5875,2,-8.362385734378419e-05
2024-09-19,20800.0,19656.0,20763.75,20228.0,21341.75,19656.0,334.85,403.15,0,-0.0006351928212020907
2024-09-26,21316.75,20642.75,21201.75,20979.75,21316.75,19656.0,251.05,372.5875,0,0.0003400844144292647
2024-10-03,21651.75,20973.75,21460.0,21312.75,21651.75,19656.0,297.2,336.9,0,0.00019745483848199186
2024-10-10,21509.5,20931.75,21104.0,21220.625,21651.75,19656.0,312.4,298.875,2,-4.7340140374319e-05
2024-10-17,21622.0,21016.25,21543.5,21319.125,21651.75,20642.75,278.35,284.75,-4,-0.00048008881446747197
2024-10-24,21793.75,21320.0,21481.75,21556.875,21793.75,20931.75,266.65,288.65,2,0.00012814216866562366
2024-10-31,21716.0,21192.75,21494.0,21454.375,21793.75,20931.75,340.8,299.55,-6,0.00021535011342153077
2024-11-07,21902.25,21122.25,21135.5,21512.25,21902.25,21016.25,370.7,314.125,6,0.0003214210434102305
2024-11-14,22366.75,21126.75,22338.5,21746.75,22366.75,21122.25,206.9,296.2625,-6,-0.0005782025030635407
2024-11-21,22454.5,22064.25,22125.5,22259.375,22454.5,21122.25,404.5,330.725,0,-0.0004174151405243132
2024-11-28,22095.25,21496.25,21943.25,21795.75,22454.5,21122.25,275.3125,326.9,4,6.305060715086074e-05
2024-12-05,22194.75,21788.75,21926.75,21991.75,22454.5,21126.75,224.65,283.65,-2,-7.170849597341045e-05
2024-12-12,22681.0,21919.25,22587.0,22300.125,22681.0,21496.25,274.55,292.975,-2,0.00011428804100229727
2024-12-19,22933.75,22466.5,22765.0,22700.125,22933.75,21496.25,451.5,312.3125,-6,-0.001499464607341805
2024-12-26,23266.25,22122.75,22190.75,22694.5,23266.25,21788.75,421.875,339.25,-4,-0.0002844238470970928
2025-01-02,22923.0,21818.25,22819.75,22370.625,23266.25,21818.25,462.125,378.15,2,0.0008132366329309581
2025-01-09,22819.75,21795.5,21979.25,22307.625,23266.25,21795.5,357.0,409.125,0,-2.358013158354488e-06
2025-01-16,22708.5,21955.75,22172.5,22332.125,23266.25,21795.5,429.95,444.975,-2,3.993331364752217e-05
2025-01-23,22379.0,21505.75,22061.5,21942.375,22923.0,21505.75,366.5625,391.5625,2,0.00018199552949328402
2025-01-30,22905.25,22021.0,22850.0,22463.125,22905.25,21505.75,501.5,420.7625,4,0.000582727724288179
2025-02-06,22890.0,21575.5,22436.5,22232.75,22905.25,21505.75,414.35,416.9,6,0.00016427192015494585
2025-02-13,22777.75,21754.75,22683.5,22266.25,22905.25,21505.75,363.2,412.825,8,0.000543772132588094
2025-02-20,22935.75,22229.75,22925.0,22582.75,22935.75,21575.5,220.1875,373.55,0,0.00025337403537653016
2025-02-27,23131.5,22762.75,22953.5,22947.125,23131.5,21575.5,524.9,386.1125,-8,-0.0019667417269534694
2025-03-06,23057.25,21395.0,21417.5,22226.125,23131.5,21395.0,623.45,430.75,-2,0.00016510313313853331
2025-03-13,21932.75,20814.75,20901.0,21373.75,23131.5,20814.75,590.3,497.25,0,0.0012520584978431449
2025-03-20,21098.0,19951.0,20060.75,20524.5,23131.5,19951.0,443.45,545.525,4,0.00010335295096646213
2025-03-27,20771.0,20108.5,20481.75,20439.75,23057.25,19951.0,361.9,504.775,-2,-0.00015938161916301263
2025-04-03,21139.25,20204.75,20592.75,20672.0,21932.75,19951.0,732.3,531.9875,-8,-0.0017091000856109372
2025-04-10,20646.75,19216.5,19278.0,19931.625,21139.25,19216.5,1745.4,820.7625,-2,0.0001549977545737269
2025-04-17,19989.25,17062.5,19087.0,18525.875,21139.25,17062.5,579.2,854.7,-2,-0.00041973329600289986
2025-04-24,19858.5,18669.5,18983.25,19264.0,21139.25,17062.5,734.625,924.2625,8,0.0007183900524149967
2025-05-01,20021.5,18302.5,19924.5,19162.0,20646.75,17062.5,458.5,899.9,-2,2.043403862987958e-05
2025-05-08,20728.25,19706.25,20473.25,20217.25,20728.25,17062.5,392.2,577.625,0,-0.0003201906475801319
2025-05-15,20939.75,20281.25,20750.5,20610.5,20939.75,18302.5,427.5,486.0375,2,-0.00032949583213091047
2025-05-22,22132.25,20660.5,22002.75,21396.375,22132.25,18302.5,334.25,403.1125,2,-0.0006347153113367976
2025-05-29,22164.75,21642.5,21780.75,21903.625,22164.75,19706.25,461.8125,404.2125,-6,-0.00010394259645370995
2025-06-05,22461.25,21329.5,22011.0,21895.375,22461.25,20281.25,345.85,390.5875,-2,-0.00035407651693597497
2025-06-12,22537.5,21674.0,22184.75,22105.75,22537.5,20660.5,283.35,350.1125,-2,-0.0017524305329593593
2025-06-19,22708.5,22073.5,22535.0,22391.0,22708.5,21329.5,365.1875,361.8625,-2,0.0010108487634165274
2025-06-26,22696.25,22073.5,22419.5,22384.875,22708.5,21329.5,361.8,348.675,2,0.00020953532541344576
2025-07-03,23168.25,22041.0,23143.5,22604.625,23168.25,21674.0,256.25,319.9625,-2,-0.00017826223998167466
2025-07-10,23576.75,23056.25,23536.75,23316.5,23576.75,22041.0,226.0625,301.725,-2,-0.00029930963111854945
2025-07-17,23586.25,23254.0,23487.5,23420.125,23586.25,22041.0,246.95,273.2375,4,1.4862779748259224e-05
2025-07-24,23754.0,23277.25,23725.25,23515.625,23754.0,22041.0,205.75,235.2625,2,5.6713156573628964e-05
2025-07-31,23899.0,23582.25,23851.75,23740.625,23899.0,23056.25,285.5,243.5375,-6,-0.00029669675573693597
2025-08-07,24319.25,23764.75,23839.25,24042.0,24319.25,23254.0,436.45,293.6625,0,0.000516024907391155
2025-08-14,24145.25,23249.25,23970.5,23697.25,24319.25,23249.25,248.6,294.075,4,-9.993169033520877e-05
2025-08-21,24542.75,23977.25,24404.75,24260.0,24542.75,23249.25,300.8,317.8375,-2,-2.2978326485811885e-05
2025-08-28,24437.25,23509.25,23694.0,23973.25,24542.75,23249.25,311.25,324.275,0,-0.000191623025715304
2025-09-04,24278.0,23551.0,24243.25,23914.5,24542.75,23249.25,361.9375,304.65,6,0.0006645222776949788
2025-09-11,24236.25,23499.5,24142.25,23867.875,24542.75,23499.5,259.45,300.9875,0,-5.190449022839383e-05
2025-09-18,24520.25,23979.25,24492.0,24249.75,24520.25,23499.5,247.85,289.5375,-2,-5.557417194106407e-05
2025-09-25,25065.75,24443.25,24955.25,24754.5,25065.75,23499.5,282.9,285.75,-2,0.0002560764915492286
2025-10-02,25277.0,24672.25,24879.0,24974.625,25277.0,23499.5,252.5,260.675,4,0.000349696477364414
2025-10-09,25429.75,24769.75,25359.75,25099.75,25429.75,23979.25,279.2,265.6125,0,0.0003589910512658334
2025-10-16,25643.75,25173.0,25539.0,25408.375,25643.75,24443.25,681.7,374.075,-4,-0.0006328213684689166
2025-10-23,25637.75,24408.25,25081.0,25023.0,25643.75,24408.25,420.35,408.4375,8,0.0002113735298052033
2025-10-30,25617.75,24659.75,25503.75,25138.75,25643.75,24408.25,397.2,444.6125,0,0.0004798566818393857
2025-11-06,26648.75,25525.75,26132.5,26087.25,26648.75,24408.25,491.5,497.6875,-6,1.0034396827285352e-05
2025-11-13,26523.75,25447.5,25494.0,25985.625,26648.75,24408.25,518.05,456.775,-4,0.0001223867806059098
2025-11-20,26079.75,24959.0,25344.5,25519.375,26648.75,24659.75,731.95,534.675,-2,-0.0005551109317322167
2025-11-27,25611.0,24323.0,24381.25,24967.0,26648.75,24323.0,556.9375,574.0625,-2,0.00016618427341924535
2025-12-04,25625.75,24154.25,25552.0,24890.0,26523.75,24154.25,283.9,526.0875,2,0.0004612689486218513
2025-12-11,25982.25,25443.0,25872.5,25712.625,26079.75,24154.25,316.1,480.325,0,0.00021086886435121022
2025-12-18,26120.5,25632.75,25963.25,25876.625,26120.5,24154.25,500.55,448.3625,4,-0.00018267197388786017
2025-12-25,25983.0,24887.75,25261.75,25435.375,26120.5,24154.25,234.8125,337.8375,2,0.00018400619062785005
2026-01-01,25892.0,25209.75,25880.5,25550.875,26120.5,24887.75,190.0,314.5,0,9.827406867328748e-05
2026-01-08,25935.25,25429.0,25456.75,25682.125,26120.5,24887.75,344.3,337.2,-2,0.00024109424130872582
2026-01-15,25996.25,25265.25,25687.5,25630.75,25996.25,24887.75,379.05,322.525,2,-0.0003011984320380079
2026-01-22,26045.5,25420.75,25705.75,25733.125,26045.5,25209.75,447.625,324.8,-2,0.0001561713700331313
2026-01-29,25891.0,25025.0,25658.25,25458.0,26045.5,25025.0,455.05,398.5125,-4,-1.2332606779674737e-05
2026-02-05,26349.0,25362.0,25999.25,25855.5,26349.0,25025.0,451.25,406.6875,0,-0.0008978225342806568
