timestamp,intended_timestamp,snapshot_date,snapshot_weekday,session_label,expiry,nq_price,qqq_price,gamma_flip,gamma_regime,vol_regime,iv,rv_iv_ratio,hv5,hv10,hv21,hv63,strike_futures,strike_etf,dist_nq,dist_pct,net_gex,abs_gex,net_vex,net_charmex,net_dex,net_dag,net_vegaex,total_oi,score,type
2026-06-03T07:51:57 ET,2026-06-03T07:50:00 ET,2026-06-03,Wed,0752ET,2026-06-03,30778.25,746.16,30712.0,NEAR_FLIP,EXPANSION,,,,,,,27719.23,672.0,-3059.0200000000004,-9.938901659451075,-372883.01,444333.65,2261176.19,4560695.9399999995,1067446.74,2.8686429999999996,1031.71,398,,
2026-06-03T07:51:57 ET,2026-06-03T07:50:00 ET,2026-06-03,Wed,0752ET,2026-06-04,30778.25,746.16,30712.0,NEAR_FLIP,EXPANSION,,,,,,,27719.23,672.0,-3059.0200000000004,-9.938901659451075,-6757.129999999999,12763.47,69104.19,65818.3,270066.81,0.48808399999999996,35.36,17,,
2026-06-03T07:51:57 ET,2026-06-03T07:50:00 ET,2026-06-03,Wed,0752ET,2026-06-03,30778.25,746.16,30712.0,NEAR_FLIP,EXPANSION,,,,,,,27760.48,673.0,-3017.7700000000004,-9.804878445005809,-24544.9,24544.9,150227.62,248499.02,-70872.39,-0.190335,55.7,22,,
2026-06-03T07:51:57 ET,2026-06-03T07:50:00 ET,2026-06-03,Wed,0752ET,2026-06-04,30778.25,746.16,30712.0,NEAR_FLIP,EXPANSION,,,,,,,27760.48,673.0,-3017.7700000000004,-9.804878445005809,-9029.43,9029.43,92775.45,45914.57,-19658.26,-0.035606,24.56,12,,
2026-06-03T07:51:57 ET,2026-06-03T07:50:00 ET,2026-06-03,Wed,0752ET,2026-06-03,30778.25,746.16,30712.0,NEAR_FLIP,EXPANSION,,,,,,,27801.73,674.0,-2976.5200000000004,-9.670855230560543,-3475542.09,3475542.09,21469918.04,34700821.45,-9750103.12,-26.161326,7706.2,3118,,
2026-06-03T07:51:57 ET,2026-06-03T07:50:00 ET,2026-06-03,Wed,0752ET,2026-06-04,30778.25,746.16,30712.0,NEAR_FLIP,EXPANSION,,,,,,,27801.73,674.0,-2976.5200000000004,-9.670855230560543,-5280.57,5280.57,54505.11,26472.72,-11249.52,-0.020428,14.09,7,,
2026-06-03T07:51:57 ET,2026-06-03T07:50:00 ET,2026-06-03,Wed,0752ET,2026-06-03,30778.25,746.16,30712.0,NEAR_FLIP,EXPANSION,,,,,,,27842.98,675.0,-2935.2700000000004,-9.536832016115278,-1842678.01,1876080.03,11488624.19,18468539.64,-3993057.75,-10.701906,4063.79,1685,,
2026-06-03T07:51:57 ET,2026-06-03T07:50:00 ET,2026-06-03,Wed,0752ET,2026-06-04,30778.25,746.16,30712.0,NEAR_FLIP,EXPANSION,,,,,,,27842.98,675.0,-2935.2700000000004,-9.536832016115278,-78682.29000000001,96839.75,815771.4500000001,478534.16000000003,693523.4099999999,1.263016,253.65,128,,
2026-06-03T07:51:57 ET,2026-06-03T07:50:00 ET,2026-06-03,Wed,0752ET,2026-06-03,30778.25,746.16,30712.0,NEAR_FLIP,EXPANSION,,,,,,,27884.23,676.0,-2894.0200000000004,-9.402808801670012,-3005398.57,3005398.57,18911299.34,29164544.22,-7953394.41,-21.286912,6358.61,2703,,
2026-06-03T07:51:57 ET,2026-06-03T07:50:00 ET,2026-06-03,Wed,0752ET,2026-06-04,30778.25,746.16,30712.0,NEAR_FLIP,EXPANSION,,,,,,,27884.23,676.0,-2894.0200000000004,-9.402808801670012,-12144.980000000001,13663.1,126465.41,66536.72,46746.95,0.08541499999999999,35.120000000000005,18,,
2026-06-03T07:51:57 ET,2026-06-03T07:50:00 ET,2026-06-03,Wed,0752ET,2026-06-03,30778.25,746.16,30712.0,NEAR_FLIP,EXPANSION,,,,,,,27925.48,677.0,-2852.7700000000004,-9.268785587224746,-217580.13,217580.13,1381744.41,2080893.46,-559066.26,-1.493931,449.55,196,,
2026-06-03T07:51:57 ET,2026-06-03T07:50:00 ET,2026-06-03,Wed,0752ET,2026-06-04,30778.25,746.16,30712.0,NEAR_FLIP,EXPANSION,,,,,,,27925.48,677.0,-2852.7700000000004,-9.268785587224746,-91427.96,95999.36,956055.11,460618.97,32247.23999999999,0.05914200000000003,242.09,126,,
2026-06-03T07:51:57 ET,2026-06-03T07:50:00 ET,2026-06-03,Wed,0752ET,2026-06-03,30778.25,746.16,30712.0,NEAR_FLIP,EXPANSION,,,,,,,27966.73,678.0,-2811.5200000000004,-9.13476237277948,-630505.35,639370.09,4040855.11,6025090.14,-1296307.5499999998,-3.457711,1289.81,577,,
2026-06-03T07:51:57 ET,2026-06-03T07:50:00 ET,2026-06-03,Wed,0752ET,2026-06-04,30778.25,746.16,30712.0,NEAR_FLIP,EXPANSION,,,,,,,27966.73,678.0,-2811.5200000000004,-9.13476237277948,-97933.79,97933.79,1028272.52,462885.83,-191257.67,-0.352246,242.31,128,,
2026-06-03T07:51:57 ET,2026-06-03T07:50:00 ET,2026-06-03,Wed,0752ET,2026-06-03,30778.25,746.16,30712.0,NEAR_FLIP,EXPANSION,,,,,,,28007.98,679.0,-2770.2700000000004,-9.000739158334214,-1176635.99,1220870.43,7610053.26,11333445.409999998,-1463153.0999999999,-3.894883,2404.21,1104,,
2026-06-03T07:51:57 ET,2026-06-03T07:50:00 ET,2026-06-03,Wed,0752ET,2026-06-04,30778.25,746.16,30712.0,NEAR_FLIP,EXPANSION,,,,,,,28007.98,679.0,-2770.2700000000004,-9.000739158334214,-102239.87,108389.63,1077723.31,504545.63999999996,91337.52000000002,0.16901399999999994,263.09,141,,
2026-06-03T07:51:57 ET,2026-06-03T07:50:00 ET,2026-06-03,Wed,0752ET,2026-06-03,30778.25,746.16,30712.0,NEAR_FLIP,EXPANSION,,,,,,,28049.23,680.0,-2729.0200000000004,-8.866715943888948,-496538.5,545088.94,3240728.56,4983549.01,361150.78,0.9592519999999998,1047.65,494,,
2026-06-03T07:51:57 ET,2026-06-03T07:50:00 ET,2026-06-03,Wed,0752ET,2026-06-04,30778.25,746.16,30712.0,NEAR_FLIP,EXPANSION,,,,,,,28049.23,680.0,-2729.0200000000004,-8.866715943888948,-250379.6,278199.56,2649315.67,1275091.79,822884.3700000001,1.5307240000000002,662.4,360,,
2026-06-03T07:51:57 ET,2026-06-03T07:50:00 ET,2026-06-03,Wed,0752ET,2026-06-03,30778.25,746.16,30712.0,NEAR_FLIP,EXPANSION,,,,,,,28090.47,681.0,-2687.779999999999,-8.732725219919907,-8720417.75,8722619.309999999,57431766.14,78522165.32,-19802707.58,-52.472425,16358.91,7924,,
2026-06-03T07:51:57 ET,2026-06-03T07:50:00 ET,2026-06-03,Wed,0752ET,2026-06-04,30778.25,746.16,30712.0,NEAR_FLIP,EXPANSION,,,,,,,28090.47,681.0,-2687.779999999999,-8.732725219919907,-3886.58,3886.58,41274.62,17535.69,-7111.55,-0.013307,9.08,5,,
2026-06-03T07:51:57 ET,2026-06-03T07:50:00 ET,2026-06-03,Wed,0752ET,2026-06-03,30778.25,746.16,30712.0,NEAR_FLIP,EXPANSION,,,,,,,28131.72,682.0,-2646.529999999999,-8.59870200547464,-8906801.23,8908997.190000001,59188935.550000004,78947827.85,-19617132.51,-51.848173,16300.83,8114,,
2026-06-03T07:51:57 ET,2026-06-03T07:50:00 ET,2026-06-03,Wed,0752ET,2026-06-04,30778.25,746.16,30712.0,NEAR_FLIP,EXPANSION,,,,,,,28131.72,682.0,-2646.529999999999,-8.59870200547464,39119.2,54766.880000000005,-416884.16,243185.87,4378896.14,8.246860999999999,125.45,70,,
2026-06-03T07:51:57 ET,2026-06-03T07:50:00 ET,2026-06-03,Wed,0752ET,2026-06-03,30778.25,746.16,30712.0,NEAR_FLIP,EXPANSION,,,,,,,28172.97,683.0,-2605.279999999999,-8.464678791029376,-1868107.65,1876867.83,12525665.91,16368164.58,-3724509.72,-9.817391,3349.6600000000003,1714,,
2026-06-03T07:51:57 ET,2026-06-03T07:50:00 ET,2026-06-03,Wed,0752ET,2026-06-04,30778.25,746.16,30712.0,NEAR_FLIP,EXPANSION,,,,,,,28172.97,683.0,-2605.279999999999,-8.464678791029376,-275021.93,275021.93,2940547.56,1201557.15,-481915.31,-0.914148,617.82,349,,
2026-06-03T07:51:57 ET,2026-06-03T07:50:00 ET,2026-06-03,Wed,0752ET,2026-06-03,30778.25,746.16,30712.0,NEAR_FLIP,EXPANSION,,,,,,,28214.22,684.0,-2564.029999999999,-8.33065557658411,-161607.28999999998,168158.93,1093235.22,1442868.6500000001,-125619.40000000002,-0.330187,292.67,154,,
2026-06-03T07:51:57 ET,2026-06-03T07:50:00 ET,2026-06-03,Wed,0752ET,2026-06-04,30778.25,746.16,30712.0,NEAR_FLIP,EXPANSION,,,,,,,28214.22,684.0,-2564.029999999999,-8.33065557658411,-127882.63,127882.63,1371605.74,549583.6,-219305.5,-0.419314,281.72,161,,
2026-06-03T07:51:57 ET,2026-06-03T07:50:00 ET,2026-06-03,Wed,0752ET,2026-06-03,30778.25,746.16,30712.0,NEAR_FLIP,EXPANSION,,,,,,,28255.47,685.0,-2522.779999999999,-8.196632362138844,-1259700.1400000001,1325025.98,8596948.83,11182889.41,-430844.54000000004,-1.129168,2248.54,1217,,
2026-06-03T07:51:57 ET,2026-06-03T07:50:00 ET,2026-06-03,Wed,0752ET,2026-06-04,30778.25,746.16,30712.0,NEAR_FLIP,EXPANSION,,,,,,,28255.47,685.0,-2522.779999999999,-8.196632362138844,-207526.84,223552.08,2232369.16,944780.34,370947.13,0.7154690000000001,482.91,279,,
2026-06-03T07:51:57 ET,2026-06-03T07:50:00 ET,2026-06-03,Wed,0752ET,2026-06-03,30778.25,746.16,30712.0,NEAR_FLIP,EXPANSION,,,,,,,28296.72,686.0,-2481.529999999999,-8.062609147693578,-344110.89999999997,346281.94,2369014.27,2873828.43,-601492.2,-1.571713,572.8399999999999,319,,
2026-06-03T07:51:57 ET,2026-06-03T07:50:00 ET,2026-06-03,Wed,0752ET,2026-06-04,30778.25,746.16,30712.0,NEAR_FLIP,EXPANSION,,,,,,,28296.72,686.0,-2481.529999999999,-8.062609147693578,-46111.32,46111.32,497377.26,191589.08,-75752.79,-0.147515,97.67,57,,
2026-06-03T07:51:57 ET,2026-06-03T07:50:00 ET,2026-06-03,Wed,0752ET,2026-06-03,30778.25,746.16,30712.0,NEAR_FLIP,EXPANSION,,,,,,,28337.97,687.0,-2440.279999999999,-7.928585933248312,-954548.41,954548.41,6628626.44,7787626.23,-1805989.43,-4.704881,1538.97,882,,
2026-06-03T07:51:57 ET,2026-06-03T07:50:00 ET,2026-06-03,Wed,0752ET,2026-06-04,30778.25,746.16,30712.0,NEAR_FLIP,EXPANSION,,,,,,,28337.97,687.0,-2440.279999999999,-7.928585933248312,817.5,38422.32,-8840.119999999995,156904.37,1728996.25,3.402388,79.78999999999999,47,,
2026-06-03T07:51:57 ET,2026-06-03T07:50:00 ET,2026-06-03,Wed,0752ET,2026-06-03,30778.25,746.16,30712.0,NEAR_FLIP,EXPANSION,,,,,,,28379.22,688.0,-2399.029999999999,-7.794562718803047,-643082.48,645240.48,4504111.989999999,5173395.26,-1108136.6400000001,-2.878179,1013.6700000000001,598,,
2026-06-03T07:51:57 ET,2026-06-03T07:50:00 ET,2026-06-03,Wed,0752ET,2026-06-04,30778.25,746.16,30712.0,NEAR_FLIP,EXPANSION,,,,,,,28379.22,688.0,-2399.029999999999,-7.794562718803047,-99229.62,115767.88,1075502.0,464516.26999999996,563906.64,1.1224619999999998,235.68,140,,
2026-06-03T07:51:57 ET,2026-06-03T07:50:00 ET,2026-06-03,Wed,0752ET,2026-06-03,30778.25,746.16,30712.0,NEAR_FLIP,EXPANSION,,,,,,,28420.47,689.0,-2357.779999999999,-7.660539504357781,-164596.90000000002,239902.68,1162619.82,1889742.4500000002,2185579.52,5.659798,367.17,223,,
2026-06-03T07:51:57 ET,2026-06-03T07:50:00 ET,2026-06-03,Wed,0752ET,2026-06-04,30778.25,746.16,30712.0,NEAR_FLIP,EXPANSION,,,,,,,28420.47,689.0,-2357.779999999999,-7.660539504357781,-10884.95,10884.95,118220.05,42901.23,-16777.57,-0.033816,21.72,13,,
2026-06-03T07:51:57 ET,2026-06-03T07:50:00 ET,2026-06-03,Wed,0752ET,2026-06-03,30778.25,746.16,30712.0,NEAR_FLIP,EXPANSION,,,,,,,28461.71,690.0,-2316.540000000001,-7.526548780388752,-992248.9,1020139.14,7067448.34,7892280.640000001,-784385.1100000001,-2.025407,1520.73,951,,
2026-06-03T07:51:57 ET,2026-06-03T07:50:00 ET,2026-06-03,Wed,0752ET,2026-06-04,30778.25,746.16,30712.0,NEAR_FLIP,EXPANSION,,,,,,,28461.71,690.0,-2316.540000000001,-7.526548780388752,-286031.62,314889.42000000004,3112180.88,1218696.94,793216.52,1.6206150000000001,616.04,371,,
2026-06-03T07:51:57 ET,2026-06-03T07:50:00 ET,2026-06-03,Wed,0752ET,2026-06-03,30778.25,746.16,30712.0,NEAR_FLIP,EXPANSION,,,,,,,28502.96,691.0,-2275.290000000001,-7.392525565943487,-118744.04999999999,142278.91,852761.5599999999,1080728.56,583826.77,1.5034079999999999,206.54000000000002,133,,
2026-06-03T07:51:57 ET,2026-06-03T07:50:00 ET,2026-06-03,Wed,0752ET,2026-06-04,30778.25,746.16,30712.0,NEAR_FLIP,EXPANSION,,,,,,,28502.96,691.0,-2275.290000000001,-7.392525565943487,-71494.16,74939.66,779100.21,284710.48,38466.25,0.079758,143.70000000000002,87,,
2026-06-03T07:51:57 ET,2026-06-03T07:50:00 ET,2026-06-03,Wed,0752ET,2026-06-03,30778.25,746.16,30712.0,NEAR_FLIP,EXPANSION,,,,,,,28544.21,692.0,-2234.040000000001,-7.258502351498219,-144051.91,154722.43000000002,1042920.72,1153492.54,123589.57,0.31744700000000003,218.67999999999998,145,,
2026-06-03T07:51:57 ET,2026-06-03T07:50:00 ET,2026-06-03,Wed,0752ET,2026-06-04,30778.25,746.16,30712.0,NEAR_FLIP,EXPANSION,,,,,,,28544.21,692.0,-2234.040000000001,-7.258502351498219,-431505.2,433255.72000000003,4708256.2700000005,1615267.9,-552614.35,-1.164302,814.3299999999999,495,,
2026-06-03T07:51:57 ET,2026-06-03T07:50:00 ET,2026-06-03,Wed,0752ET,2026-06-03,30778.25,746.16,30712.0,NEAR_FLIP,EXPANSION,,,,,,,28585.46,693.0,-2192.790000000001,-7.124479137052954,-835729.1,837858.34,6098902.45,6128648.850000001,-1233361.64,-3.160752,1152.7,787,,
2026-06-03T07:51:57 ET,2026-06-03T07:50:00 ET,2026-06-03,Wed,0752ET,2026-06-04,30778.25,746.16,30712.0,NEAR_FLIP,EXPANSION,,,,,,,28585.46,693.0,-2192.790000000001,-7.124479137052954,-104193.78,104193.78,1137993.45,381065.58,-147769.44,-0.31677,191.94,117,,
2026-06-03T07:51:57 ET,2026-06-03T07:50:00 ET,2026-06-03,Wed,0752ET,2026-06-03,30778.25,746.16,30712.0,NEAR_FLIP,EXPANSION,,,,,,,28626.71,694.0,-2151.540000000001,-6.990455922607689,-318766.6,320891.72,2344468.75,2302114.4299999997,-410299.14999999997,-1.049437,429.64000000000004,302,,
2026-06-03T07:51:57 ET,2026-06-03T07:50:00 ET,2026-06-03,Wed,0752ET,2026-06-04,30778.25,746.16,30712.0,NEAR_FLIP,EXPANSION,,,,,,,28626.71,694.0,-2151.540000000001,-6.990455922607689,-443695.16,443695.16,4849221.04,1591269.69,-616546.44,-1.346622,801.03,489,,
2026-06-03T07:51:57 ET,2026-06-03T07:50:00 ET,2026-06-03,Wed,0752ET,2026-06-03,30778.25,746.16,30712.0,NEAR_FLIP,EXPANSION,,,,,,,28667.96,695.0,-2110.290000000001,-6.856432708162423,-482722.92000000004,588815.88,3577505.17,4141502.5,2869571.3899999997,7.328375,767.1,555,,
2026-06-03T07:51:57 ET,2026-06-03T07:50:00 ET,2026-06-03,Wed,0752ET,2026-06-04,30778.25,746.16,30712.0,NEAR_FLIP,EXPANSION,,,,,,,28667.96,695.0,-2110.290000000001,-6.856432708162423,-287934.02,299044.02,3147947.1,1051315.11,40465.53999999998,0.09018199999999998,529.09,323,,
2026-06-03T07:51:57 ET,2026-06-03T07:50:00 ET,2026-06-03,Wed,0752ET,2026-06-03,30778.25,746.16,30712.0,NEAR_FLIP,EXPANSION,,,,,,,28709.21,696.0,-2069.040000000001,-6.722409493717158,-268138.4,268138.4,2002029.52,1848319.12,-379568.45,-0.968351,339.83,253,,
2026-06-03T07:51:57 ET,2026-06-03T07:50:00 ET,2026-06-03,Wed,0752ET,2026-06-04,30778.25,746.16,30712.0,NEAR_FLIP,EXPANSION,,,,,,,28709.21,696.0,-2069.040000000001,-6.722409493717158,-333991.63,333991.63,3651463.19,1150544.04,-445818.94,-1.015368,579.08,353,,
2026-06-03T07:51:57 ET,2026-06-03T07:50:00 ET,2026-06-03,Wed,0752ET,2026-06-03,30778.25,746.16,30712.0,NEAR_FLIP,EXPANSION,,,,,,,28750.46,697.0,-2027.7900000000009,-6.588386279271891,-578417.77,637742.6699999999,4350039.82,4306513.79,1215600.6,3.099874,786.1099999999999,602,,
2026-06-03T07:51:57 ET,2026-06-03T07:50:00 ET,2026-06-03,Wed,0752ET,2026-06-04,30778.25,746.16,30712.0,NEAR_FLIP,EXPANSION,,,,,,,28750.46,697.0,-2027.7900000000009,-6.588386279271891,-309917.47000000003,311854.45,3387002.25,1052237.9300000002,-333510.56999999995,-0.777517,529.85,322,,
2026-06-03T07:51:57 ET,2026-06-03T07:50:00 ET,2026-06-03,Wed,0752ET,2026-06-03,30778.25,746.16,30712.0,NEAR_FLIP,EXPANSION,,,,,,,28791.7,698.0,-1986.5499999999993,-6.45439555530285,-323194.16,327432.77999999997,2447700.42,2165114.1300000004,-284825.85,-0.7265199999999999,392.48,309,,
2026-06-03T07:51:57 ET,2026-06-03T07:50:00 ET,2026-06-03,Wed,0752ET,2026-06-04,30778.25,746.16,30712.0,NEAR_FLIP,EXPANSION,,,,,,,28791.7,698.0,-1986.5499999999993,-6.45439555530285,-12909.740000000005,261174.02000000002,140979.89000000013,862787.13,8991799.98,21.494381999999998,434.81,263,,
2026-06-03T07:51:57 ET,2026-06-03T07:50:00 ET,2026-06-03,Wed,0752ET,2026-06-03,30778.25,746.16,30712.0,NEAR_FLIP,EXPANSION,,,,,,,28832.95,699.0,-1945.2999999999993,-6.320372340857585,-749984.0599999999,752105.66,5718528.04,4867703.6899999995,-890151.44,-2.273006,876.48,709,,
2026-06-03T07:51:57 ET,2026-06-03T07:50:00 ET,2026-06-03,Wed,0752ET,2026-06-04,30778.25,746.16,30712.0,NEAR_FLIP,EXPANSION,,,,,,,28832.95,699.0,-1945.2999999999993,-6.320372340857585,-143830.51,143830.51,1568856.26,464992.67,-181082.63,-0.444644,234.64,141,,
2026-06-03T07:51:57 ET,2026-06-03T07:50:00 ET,2026-06-03,Wed,0752ET,2026-06-03,30778.25,746.16,30712.0,NEAR_FLIP,EXPANSION,,,,,,,28874.2,700.0,-1904.0499999999993,-6.186349126412318,-4124224.76,4534521.34,31651692.13,28712019.330000002,8772469.34,22.445876,5136.660000000001,4266,,
2026-06-03T07:51:57 ET,2026-06-03T07:50:00 ET,2026-06-03,Wed,0752ET,2026-06-04,30778.25,746.16,30712.0,NEAR_FLIP,EXPANSION,,,,,,,28874.2,700.0,-1904.0499999999993,-6.186349126412318,-701265.48,762153.8,7636937.2700000005,2410242.7600000002,1222298.1,3.088782,1218.2900000000002,726,,
2026-06-03T07:51:57 ET,2026-06-03T07:50:00 ET,2026-06-03,Wed,0752ET,2026-06-03,30778.25,746.16,30712.0,NEAR_FLIP,EXPANSION,,,,,,,28915.45,701.0,-1862.7999999999993,-6.052325911967053,-954290.0700000001,975614.99,7369400.02,6040732.82,-425624.06999999995,-1.092415,1074.07,915,,
2026-06-03T07:51:57 ET,2026-06-03T07:50:00 ET,2026-06-03,Wed,0752ET,2026-06-04,30778.25,746.16,30712.0,NEAR_FLIP,EXPANSION,,,,,,,28915.45,701.0,-1862.7999999999993,-6.052325911967053,-280371.19,280371.19,3047023.8,866897.32,-339989.06,-0.885937,439.13,259,,
2026-06-03T07:51:57 ET,2026-06-03T07:50:00 ET,2026-06-03,Wed,0752ET,2026-06-03,30778.25,746.16,30712.0,NEAR_FLIP,EXPANSION,,,,,,,28956.7,702.0,-1821.5499999999993,-5.918302697521787,-537578.28,541861.78,4175939.84,3279150.34,-480543.83999999997,-1.2387259999999998,579.65,506,,
2026-06-03T07:51:57 ET,2026-06-03T07:50:00 ET,2026-06-03,Wed,0752ET,2026-06-04,30778.25,746.16,30712.0,NEAR_FLIP,EXPANSION,,,,,,,28956.7,702.0,-1821.5499999999993,-5.918302697521787,-148765.93,155477.16999999998,1612653.24,469786.83,38719.22,0.10425199999999996,238.61,139,,
2026-06-03T07:51:57 ET,2026-06-03T07:50:00 ET,2026-06-03,Wed,0752ET,2026-06-03,30778.25,746.16,30712.0,NEAR_FLIP,EXPANSION,,,,,,,28997.95,703.0,-1780.2999999999993,-5.784279483076521,-801301.71,822842.0700000001,6259232.14,4864340.85,-179323.59000000008,-0.4649059999999998,855.1500000000001,764,,
2026-06-03T07:51:57 ET,2026-06-03T07:50:00 ET,2026-06-03,Wed,0752ET,2026-06-04,30778.25,746.16,30712.0,NEAR_FLIP,EXPANSION,,,,,,,28997.95,703.0,-1780.2999999999993,-5.784279483076521,-226186.71,226186.71,2501116.98,667743.25,-254272.34,-0.656127,332.51,211,,
2026-06-03T07:51:57 ET,2026-06-03T07:50:00 ET,2026-06-03,Wed,0752ET,2026-06-03,30778.25,746.16,30712.0,NEAR_FLIP,EXPANSION,,,,,,,29039.2,704.0,-1739.0499999999993,-5.650256268631255,-361271.34,365610.94,2836675.31,2110201.8800000004,-248752.27,-0.6496220000000001,369.08,337,,
2026-06-03T07:51:57 ET,2026-06-03T07:50:00 ET,2026-06-03,Wed,0752ET,2026-06-04,30778.25,746.16,30712.0,NEAR_FLIP,EXPANSION,,,,,,,29039.2,704.0,-1739.0499999999993,-5.650256268631255,-380976.67000000004,397804.75,4200531.18,1146425.57,82616.82,0.33164899999999986,573.1899999999999,357,,
2026-06-03T07:51:57 ET,2026-06-03T07:50:00 ET,2026-06-03,Wed,0752ET,2026-06-03,30778.25,746.16,30712.0,NEAR_FLIP,EXPANSION,,,,,,,29080.45,705.0,-1697.7999999999993,-5.51623305418599,-2524517.15,2590202.77,19917282.63,14587717.98,-490682.4700000002,-1.293075,2539.3999999999996,2366,,
2026-06-03T07:51:57 ET,2026-06-03T07:50:00 ET,2026-06-03,Wed,0752ET,2026-06-04,30778.25,746.16,30712.0,NEAR_FLIP,EXPANSION,,,,,,,29080.45,705.0,-1697.7999999999993,-5.51623305418599,352627.69000000006,1425301.5899999999,-3712246.5999999996,4006522.4400000004,51453781.269999996,154.92718599999998,2048.65,1157,,
2026-06-03T07:51:57 ET,2026-06-03T07:50:00 ET,2026-06-03,Wed,0752ET,2026-06-03,30778.25,746.16,30712.0,NEAR_FLIP,EXPANSION,,,,,,,29121.7,706.0,-1656.5499999999993,-5.382209839740724,-1416808.76,1423450.0599999998,11226587.92,7817790.57,-1228120.19,-3.2722480000000003,1355.1000000000001,1286,,
2026-06-03T07:51:57 ET,2026-06-03T07:50:00 ET,2026-06-03,Wed,0752ET,2026-06-04,30778.25,746.16,30712.0,NEAR_FLIP,EXPANSION,,,,,,,29121.7,706.0,-1656.5499999999993,-5.382209839740724,-221322.3,260431.38,2409099.98,713924.34,838056.2999999999,2.6765030000000003,362.36,211,,
2026-06-03T07:51:57 ET,2026-06-03T07:50:00 ET,2026-06-03,Wed,0752ET,2026-06-03,30778.25,746.16,30712.0,NEAR_FLIP,EXPANSION,,,,,,,29162.94,707.0,-1615.3100000000013,-5.248219115771693,-1232619.52,1246078.52,9804891.82,6669632.64,-783046.8499999999,-2.114088,1151.71,1111,,
2026-06-03T07:51:57 ET,2026-06-03T07:50:00 ET,2026-06-03,Wed,0752ET,2026-06-04,30778.25,746.16,30712.0,NEAR_FLIP,EXPANSION,,,,,,,29162.94,707.0,-1615.3100000000013,-5.248219115771693,-470496.14,470496.14,5089831.74,1256846.37,-497977.01,-1.536751,640.07,367,,
2026-06-03T07:51:57 ET,2026-06-03T07:50:00 ET,2026-06-03,Wed,0752ET,2026-06-03,30778.25,746.16,30712.0,NEAR_FLIP,EXPANSION,,,,,,,29204.19,708.0,-1574.0600000000013,-5.114195901326428,-1073154.0599999998,1310113.76,8564998.45,6829560.819999999,6506793.58,17.843592,1175.47,1150,,
2026-06-03T07:51:57 ET,2026-06-03T07:50:00 ET,2026-06-03,Wed,0752ET,2026-06-04,30778.25,746.16,30712.0,NEAR_FLIP,EXPANSION,,,,,,,29204.19,708.0,-1574.0600000000013,-5.114195901326428,-417919.15,423630.35,4471718.88,1101929.9400000002,-296099.85,-0.9520460000000001,567.56,310,,
2026-06-03T07:51:57 ET,2026-06-03T07:50:00 ET,2026-06-03,Wed,0752ET,2026-06-03,30778.25,746.16,30712.0,NEAR_FLIP,EXPANSION,,,,,,,29245.44,709.0,-1532.8100000000013,-4.980172686881162,-656697.82,684543.66,5255773.96,3473039.17,260969.77000000002,0.7288590000000001,596.16,590,,
2026-06-03T07:51:57 ET,2026-06-03T07:50:00 ET,2026-06-03,Wed,0752ET,2026-06-04,30778.25,746.16,30712.0,NEAR_FLIP,EXPANSION,,,,,,,29245.44,709.0,-1532.8100000000013,-4.980172686881162,-2130505.88,2130505.88,22438015.57,5392228.48,-2240117.06,-7.961433,2821.55,1443,,
2026-06-03T07:51:57 ET,2026-06-03T07:50:00 ET,2026-06-03,Wed,0752ET,2026-06-03,30778.25,746.16,30712.0,NEAR_FLIP,EXPANSION,,,,,,,29286.69,710.0,-1491.5600000000013,-4.846149472435896,-6697079.4,6896178.5600000005,53714963.18,34026945.61,73655.28000000026,0.21011999999999986,5828.63,5819,,
2026-06-03T07:51:57 ET,2026-06-03T07:50:00 ET,2026-06-03,Wed,0752ET,2026-06-04,30778.25,746.16,30712.0,NEAR_FLIP,EXPANSION,,,,,,,29286.69,710.0,-1491.5600000000013,-4.846149472435896,-3982083.08,6958933.52,41256200.7,17125245.490000002,62985068.45999999,239.39531300000002,9096.87,4378,,
2026-06-03T07:51:57 ET,2026-06-03T07:50:00 ET,2026-06-03,Wed,0752ET,2026-06-03,30778.25,746.16,30712.0,NEAR_FLIP,EXPANSION,,,,,,,29327.94,711.0,-1450.3100000000013,-4.712126257990631,-633921.86,706786.4400000001,5092060.83,3389004.2199999997,1622986.21,4.7444310000000005,579.7,582,,
2026-06-03T07:51:57 ET,2026-06-03T07:50:00 ET,2026-06-03,Wed,0752ET,2026-06-04,30778.25,746.16,30712.0,NEAR_FLIP,EXPANSION,,,,,,,29327.94,711.0,-1450.3100000000013,-4.712126257990631,-671365.7,681379.02,6949199.53,1629394.13,-474335.14,-1.873505,867.84,413,,
2026-06-03T07:51:57 ET,2026-06-03T07:50:00 ET,2026-06-03,Wed,0752ET,2026-06-03,30778.25,746.16,30712.0,NEAR_FLIP,EXPANSION,,,,,,,29369.19,712.0,-1409.0600000000013,-4.578103043545365,-2853497.23,2988367.1300000004,22938600.35,13913344.46,1504983.2400000002,4.524045999999999,2378.33,2393,,
2026-06-03T07:51:57 ET,2026-06-03T07:50:00 ET,2026-06-03,Wed,0752ET,2026-06-04,30778.25,746.16,30712.0,NEAR_FLIP,EXPANSION,,,,,,,29369.19,712.0,-1409.0600000000013,-4.578103043545365,-327980.06,345655.39999999997,3339724.9099999997,802415.91,19362.99000000005,0.07029400000000008,434.43,194,,
2026-06-03T07:51:57 ET,2026-06-03T07:50:00 ET,2026-06-03,Wed,0752ET,2026-06-03,30778.25,746.16,30712.0,NEAR_FLIP,EXPANSION,,,,,,,29410.44,713.0,-1367.8100000000013,-4.444079829100099,-1710571.44,1811117.46,13750476.72,8180525.100000001,1425287.27,4.422591000000001,1398.54,1405,,
2026-06-03T07:51:57 ET,2026-06-03T07:50:00 ET,2026-06-03,Wed,0752ET,2026-06-04,30778.25,746.16,30712.0,NEAR_FLIP,EXPANSION,,,,,,,29410.44,713.0,-1367.8100000000013,-4.444079829100099,-1848152.53,1855661.3499999999,18443505.43,4178107.19,-1758803.4000000001,-8.250238,2308.77,955,,
2026-06-03T07:51:57 ET,2026-06-03T07:50:00 ET,2026-06-03,Wed,0752ET,2026-06-03,30778.25,746.16,30712.0,NEAR_FLIP,EXPANSION,,,,,,,29451.69,714.0,-1326.5600000000013,-4.310056614654833,-2747020.63,3361626.41,22062273.3,14717070.53,14485507.909999998,46.588277,2518.53,2516,,
2026-06-03T07:51:57 ET,2026-06-03T07:50:00 ET,2026-06-03,Wed,0752ET,2026-06-04,30778.25,746.16,30712.0,NEAR_FLIP,EXPANSION,,,,,,,29451.69,714.0,-1326.5600000000013,-4.310056614654833,-11113199.540000001,11169178.24,110398540.86,24373360.060000002,-10179451.879999999,-49.860041,13533.039999999999,5498,,
2026-06-03T07:51:57 ET,2026-06-03T07:50:00 ET,2026-06-03,Wed,0752ET,2026-06-03,30778.25,746.16,30712.0,NEAR_FLIP,EXPANSION,,,,,,,29492.94,715.0,-1285.3100000000013,-4.176033400209568,-6486696.550000001,6956864.75,53327465.77,29497686.169999998,7445079.67,26.407687,4940.400000000001,5471,,
2026-06-03T07:51:57 ET,2026-06-03T07:50:00 ET,2026-06-03,Wed,0752ET,2026-06-04,30778.25,746.16,30712.0,NEAR_FLIP,EXPANSION,,,,,,,29492.94,715.0,-1285.3100000000013,-4.176033400209568,-2925270.7699999996,6388495.85,28390069.950000003,13496935.73,54142762.900000006,277.619293,7602.099999999999,2934,,
2026-06-03T07:51:57 ET,2026-06-03T07:50:00 ET,2026-06-03,Wed,0752ET,2026-06-03,30778.25,746.16,30712.0,NEAR_FLIP,EXPANSION,,,,,,,29534.18,716.0,-1244.0699999999997,-4.042042676240526,-2382859.62,2475988.6799999997,19515706.169999998,10155015.4,599580.4199999999,2.6293979999999992,1706.1,1859,,
2026-06-03T07:51:57 ET,2026-06-03T07:50:00 ET,2026-06-03,Wed,0752ET,2026-06-04,30778.25,746.16,30712.0,NEAR_FLIP,EXPANSION,,,,,,,29534.18,716.0,-1244.0699999999997,-4.042042676240526,-1803744.7,1872344.4200000002,17374755.16,3825651.35,-738669.01,-4.332825000000001,2190.79,798,,
2026-06-03T07:51:57 ET,2026-06-03T07:50:00 ET,2026-06-03,Wed,0752ET,2026-06-03,30778.25,746.16,30712.0,NEAR_FLIP,EXPANSION,,,,,,,29575.43,717.0,-1202.8199999999997,-3.9080194617952606,-1392124.35,1545122.63,11236524.28,6122529.07,2623430.5999999996,9.842970999999999,1044.31,1057,,
2026-06-03T07:51:57 ET,2026-06-03T07:50:00 ET,2026-06-03,Wed,0752ET,2026-06-04,30778.25,746.16,30712.0,NEAR_FLIP,EXPANSION,,,,,,,29575.43,717.0,-1202.8199999999997,-3.9080194617952606,-7184461.38,7336711.28,68714991.23,14483460.409999998,-4814491.76,-28.781535,8358.060000000001,2965,,
2026-06-03T07:51:57 ET,2026-06-03T07:50:00 ET,2026-06-03,Wed,0752ET,2026-06-03,30778.25,746.16,30712.0,NEAR_FLIP,EXPANSION,,,,,,,29616.68,718.0,-1161.5699999999997,-3.773996247349994,-3535684.98,3788001.14,28390994.38,14485721.83,3177195.9699999997,12.838417,2482.86,2454,,
2026-06-03T07:51:57 ET,2026-06-03T07:50:00 ET,2026-06-03,Wed,0752ET,2026-06-04,30778.25,746.16,30712.0,NEAR_FLIP,EXPANSION,,,,,,,29616.68,718.0,-1161.5699999999997,-3.773996247349994,-2026612.33,2333344.25,18940825.91,4444417.600000001,2056489.2000000002,12.797811,2622.02,865,,
2026-06-03T07:51:57 ET,2026-06-03T07:50:00 ET,2026-06-03,Wed,0752ET,2026-06-03,30778.25,746.16,30712.0,NEAR_FLIP,EXPANSION,,,,,,,29657.93,719.0,-1120.3199999999997,-3.6399730329047286,-2364431.1300000004,2615501.23,18681722.560000002,9639630.66,3638613.68,15.159321,1678.52,1541,,
2026-06-03T07:51:57 ET,2026-06-03T07:50:00 ET,2026-06-03,Wed,0752ET,2026-06-04,30778.25,746.16,30712.0,NEAR_FLIP,EXPANSION,,,,,,,29657.93,719.0,-1120.3199999999997,-3.6399730329047286,-1770071.34,1867134.84,16348905.32,3427473.06,-523007.1199999999,-3.7087269999999997,2048.9500000000003,648,,
2026-06-03T07:51:57 ET,2026-06-03T07:50:00 ET,2026-06-03,Wed,0752ET,2026-06-03,30778.25,746.16,30712.0,NEAR_FLIP,EXPANSION,,,,,,,29699.18,720.0,-1079.0699999999997,-3.505949818459463,-9462684.790000001,11202769.13,73601965.8,39739329.03,27640349.86,122.02764699999999,7023.5,6027,,
2026-06-03T07:51:57 ET,2026-06-03T07:50:00 ET,2026-06-03,Wed,0752ET,2026-06-04,30778.25,746.16,30712.0,NEAR_FLIP,EXPANSION,,,,,,,29699.18,720.0,-1079.0699999999997,-3.505949818459463,-7128669.7299999995,8321393.29,64030970.04000001,14699341.92,6364277.52,45.946601,9023.48,2632,,
2026-06-03T07:51:57 ET,2026-06-03T07:50:00 ET,2026-06-03,Wed,0752ET,2026-06-03,30778.25,746.16,30712.0,NEAR_FLIP,EXPANSION,,,,,,,29740.43,721.0,-1037.8199999999997,-3.371926604014197,-6525645.39,6905790.2299999995,50380945.63,23544342.830000002,2563809.5,12.118579,4195.01,3472,,
2026-06-03T07:51:57 ET,2026-06-03T07:50:00 ET,2026-06-03,Wed,0752ET,2026-06-04,30778.25,746.16,30712.0,NEAR_FLIP,EXPANSION,,,,,,,29740.43,721.0,-1037.8199999999997,-3.371926604014197,-1515388.19,1790297.25,13117083.969999999,3038436.88,1297974.32,9.800686999999998,1931.0500000000002,510,,
2026-06-03T07:51:57 ET,2026-06-03T07:50:00 ET,2026-06-03,Wed,0752ET,2026-06-03,30778.25,746.16,30712.0,NEAR_FLIP,EXPANSION,,,,,,,29781.68,722.0,-996.5699999999997,-3.2379033895689315,-7307543.96,7655051.46,55000070.72,25041175.24,933425.3300000001,3.5334230000000026,4574.65,3403,,
2026-06-03T07:51:57 ET,2026-06-03T07:50:00 ET,2026-06-03,Wed,0752ET,2026-06-04,30778.25,746.16,30712.0,NEAR_FLIP,EXPANSION,,,,,,,29781.68,722.0,-996.5699999999997,-3.2379033895689315,-24419643.25,24762339.33,209727613.60999998,40324561.879999995,-20366041.86,-184.21176599999998,25951.09,6619,,
2026-06-03T07:51:57 ET,2026-06-03T07:50:00 ET,2026-06-03,Wed,0752ET,2026-06-03,30778.25,746.16,30712.0,NEAR_FLIP,EXPANSION,,,,,,,29822.93,723.0,-955.3199999999997,-3.103880175123666,-3188124.77,3408058.4499999997,23764344.97,10679574.97,1289687.73,6.822502999999999,1970.2199999999998,1407,,
2026-06-03T07:51:57 ET,2026-06-03T07:50:00 ET,2026-06-03,Wed,0752ET,2026-06-04,30778.25,746.16,30712.0,NEAR_FLIP,EXPANSION,,,,,,,29822.93,723.0,-955.3199999999997,-3.103880175123666,-6551751.899999999,7139722.96,54962449.269999996,11135515.45,-1329055.8900000006,-14.095680999999992,7332.63,1760,,
2026-06-03T07:51:57 ET,2026-06-03T07:50:00 ET,2026-06-03,Wed,0752ET,2026-06-03,30778.25,746.16,30712.0,NEAR_FLIP,EXPANSION,,,,,,,29864.18,724.0,-914.0699999999997,-2.9698569606784004,-6982203.2700000005,7547491.71,50732183.910000004,22611432.45,3305479.09,18.559531999999997,4276.57,2766,,
2026-06-03T07:51:57 ET,2026-06-03T07:50:00 ET,2026-06-03,Wed,0752ET,2026-06-04,30778.25,746.16,30712.0,NEAR_FLIP,EXPANSION,,,,,,,29864.18,724.0,-914.0699999999997,-2.9698569606784004,-2853791.39,3105357.57,22997765.3,4629025.07,-877347.53,-10.358585000000001,3171.01,690,,
2026-06-03T07:51:57 ET,2026-06-03T07:50:00 ET,2026-06-03,Wed,0752ET,2026-06-03,30778.25,746.16,30712.0,NEAR_FLIP,EXPANSION,,,,,,,29905.42,725.0,-872.8300000000017,-2.83586623670937,-5160220.280000001,13030748.14,36546025.86,37251090.34,95133814.74,648.7419120000001,7111.8,4437,,
2026-06-03T07:51:57 ET,2026-06-03T07:50:00 ET,2026-06-03,Wed,0752ET,2026-06-04,30778.25,746.16,30712.0,NEAR_FLIP,EXPANSION,,,,,,,29905.42,725.0,-872.8300000000017,-2.83586623670937,-3537521.21,6032422.149999999,27792770.53,8579190.53,13816477.619999997,156.47055,5984.030000000001,1248,,
2026-06-03T07:51:57 ET,2026-06-03T07:50:00 ET,2026-06-03,Wed,0752ET,2026-06-03,30778.25,746.16,30712.0,NEAR_FLIP,EXPANSION,,,,,,,29946.67,726.0,-831.5800000000017,-2.7018430222641046,-7616534.17,8217617.09,53496217.44,22363245.12,1939263.3100000005,12.986908,4379.14,2485,,
2026-06-03T07:51:57 ET,2026-06-03T07:50:00 ET,2026-06-03,Wed,0752ET,2026-06-04,30778.25,746.16,30712.0,NEAR_FLIP,EXPANSION,,,,,,,29946.67,726.0,-831.5800000000017,-2.7018430222641046,-2924709.58,3215576.0999999996,22118708.49,4351732.83,-1087264.7300000002,-14.930852999999999,3177.86,599,,
2026-06-03T07:51:57 ET,2026-06-03T07:50:00 ET,2026-06-03,Wed,0752ET,2026-06-03,30778.25,746.16,30712.0,NEAR_FLIP,EXPANSION,,,,,,,29987.92,727.0,-790.3300000000017,-2.567819807818839,-7970787.990000001,10665882.270000001,54622532.52,27564288.73,21769571.02,183.743413,5513.969999999999,2901,,
2026-06-03T07:51:57 ET,2026-06-03T07:50:00 ET,2026-06-03,Wed,0752ET,2026-06-04,30778.25,746.16,30712.0,NEAR_FLIP,EXPANSION,,,,,,,29987.92,727.0,-790.3300000000017,-2.567819807818839,3690007.05,11626423.55,-28266233.439999998,14942200.379999999,89243487.96000001,1222.325793,11038.17,2031,,
2026-06-03T07:51:57 ET,2026-06-03T07:50:00 ET,2026-06-03,Wed,0752ET,2026-06-03,30778.25,746.16,30712.0,NEAR_FLIP,EXPANSION,,,,,,,30029.17,728.0,-749.0800000000017,-2.433796593373573,-37076844.23,40885676.57,246955414.22,100060353.07,10282457.530000001,87.811083,20659.8,9770,,
2026-06-03T07:51:57 ET,2026-06-03T07:50:00 ET,2026-06-03,Wed,0752ET,2026-06-04,30778.25,746.16,30712.0,NEAR_FLIP,EXPANSION,,,,,,,30029.17,728.0,-749.0800000000017,-2.433796593373573,-1556446.14,5091808.58,11051937.450000001,6195258.300000001,16201555.780000001,243.12341899999998,4761.37,810,,
2026-06-03T07:51:57 ET,2026-06-03T07:50:00 ET,2026-06-03,Wed,0752ET,2026-06-03,30778.25,746.16,30712.0,NEAR_FLIP,EXPANSION,,,,,,,30070.42,729.0,-707.8300000000017,-2.299773378928307,-16625387.040000001,18305739.92,108527801.63,42299075.7,2739258.99,27.153494999999992,8922.68,3940,,
2026-06-03T07:51:57 ET,2026-06-03T07:50:00 ET,2026-06-03,Wed,0752ET,2026-06-04,30778.25,746.16,30712.0,NEAR_FLIP,EXPANSION,,,,,,,30070.42,729.0,-707.8300000000017,-2.299773378928307,-2466536.05,6524421.45,16846227.58,7492135.47,15723764.370000001,258.78743000000003,6006.51,946,,
2026-06-03T07:51:57 ET,2026-06-03T07:50:00 ET,2026-06-03,Wed,0752ET,2026-06-03,30778.25,746.16,30712.0,NEAR_FLIP,EXPANSION,,,,,,,30111.67,730.0,-666.5800000000017,-2.165750164483042,-21353160.25,31835136.810000002,133620485.05000001,69210338.38,56155369.31000001,694.3641279999999,15151.56,5984,,
2026-06-03T07:51:57 ET,2026-06-03T07:50:00 ET,2026-06-03,Wed,0752ET,2026-06-04,30778.25,746.16,30712.0,NEAR_FLIP,EXPANSION,,,,,,,30111.67,730.0,-666.5800000000017,-2.165750164483042,-9894418.59,22666004.67,65532545.20999999,24481505.28,41171638.67,744.566973,20435.940000000002,3007,,
2026-06-03T07:51:57 ET,2026-06-03T07:50:00 ET,2026-06-03,Wed,0752ET,2026-06-03,30778.25,746.16,30712.0,NEAR_FLIP,EXPANSION,,,,,,,30152.92,731.0,-625.3300000000017,-2.031726950037776,-18022878.72,23041528.0,108465755.76,46947289.529999994,17460944.04,244.246383,10713.689999999999,3769,,
2026-06-03T07:51:57 ET,2026-06-03T07:50:00 ET,2026-06-03,Wed,0752ET,2026-06-04,30778.25,746.16,30712.0,NEAR_FLIP,EXPANSION,,,,,,,30152.92,731.0,-625.3300000000017,-2.031726950037776,-4001711.5800000005,5107098.880000001,25106155.64,5167265.529999999,-119989.70000000019,-2.8964349999999968,4564.29,616,,
2026-06-03T07:51:57 ET,2026-06-03T07:50:00 ET,2026-06-03,Wed,0752ET,2026-06-03,30778.25,746.16,30712.0,NEAR_FLIP,EXPANSION,,,,,,,30194.17,732.0,-584.0800000000017,-1.8977037355925102,-19543770.35,26172730.03,113734949.31,49762516.03,20328178.36,331.85363599999994,11770.41,3775,,
2026-06-03T07:51:57 ET,2026-06-03T07:50:00 ET,2026-06-03,Wed,0752ET,2026-06-04,30778.25,746.16,30712.0,NEAR_FLIP,EXPANSION,,,,,,,30194.17,732.0,-584.0800000000017,-1.8977037355925102,-6210858.67,9591097.39,36925892.97,9050844.74,4215146.960000001,91.06408399999998,8427.48,1058,,
2026-06-03T07:51:57 ET,2026-06-03T07:50:00 ET,2026-06-03,Wed,0752ET,2026-06-03,30778.25,746.16,30712.0,NEAR_FLIP,EXPANSION,,,,,,,30235.41,733.0,-542.8400000000001,-1.7637130116234683,-28420346.78,31853343.119999997,157430063.54999998,56225048.26,-3233925.2300000004,-66.32036900000003,14001.76,3976,,
2026-06-03T07:51:57 ET,2026-06-03T07:50:00 ET,2026-06-03,Wed,0752ET,2026-06-04,30778.25,746.16,30712.0,NEAR_FLIP,EXPANSION,,,,,,,30235.41,733.0,-542.8400000000001,-1.7637130116234683,243959.06000000006,5292977.66,-1485031.67,4635071.26,15472998.490000002,368.185595,4554.12,535,,
2026-06-03T07:51:57 ET,2026-06-03T07:50:00 ET,2026-06-03,Wed,0752ET,2026-06-03,30778.25,746.16,30712.0,NEAR_FLIP,EXPANSION,,,,,,,30276.66,734.0,-501.59000000000015,-1.6296897971782027,-30755628.130000003,35167220.65,162103265.39,57294071.38,-3538939.3499999996,-80.238878,15013.75,3824,,
2026-06-03T07:51:57 ET,2026-06-03T07:50:00 ET,2026-06-03,Wed,0752ET,2026-06-04,30778.25,746.16,30712.0,NEAR_FLIP,EXPANSION,,,,,,,30276.66,734.0,-501.59000000000015,-1.6296897971782027,-4050089.54,9943716.46,21329796.159999996,8031631.64,9954204.240000002,258.580989,8445.04,921,,
2026-06-03T07:51:57 ET,2026-06-03T07:50:00 ET,2026-06-03,Wed,0752ET,2026-06-03,30778.25,746.16,30712.0,NEAR_FLIP,EXPANSION,,,,,,,30317.91,735.0,-460.34000000000015,-1.495666582732937,-76095077.9,99549439.25999999,375456025.78,148659386.5,20487231.259999998,514.7869899999998,41597.32,9352,,
2026-06-03T07:51:57 ET,2026-06-03T07:50:00 ET,2026-06-03,Wed,0752ET,2026-06-04,30778.25,746.16,30712.0,NEAR_FLIP,EXPANSION,,,,,,,30317.91,735.0,-460.34000000000015,-1.495666582732937,-7160271.050000001,32829043.27,35021111.97,24288382.92,46394500.7,1312.848278,27435.72,2794,,
2026-06-03T07:51:57 ET,2026-06-03T07:50:00 ET,2026-06-03,Wed,0752ET,2026-06-03,30778.25,746.16,30712.0,NEAR_FLIP,EXPANSION,,,,,,,30359.16,736.0,-419.09000000000015,-1.361643368287671,-32636715.459999997,45763985.36,151349755.64,62135013.4,11161844.879999999,329.884951,18563.89,3741,,
2026-06-03T07:51:57 ET,2026-06-03T07:50:00 ET,2026-06-03,Wed,0752ET,2026-06-04,30778.25,746.16,30712.0,NEAR_FLIP,EXPANSION,,,,,,,30359.16,736.0,-419.09000000000015,-1.361643368287671,-6057905.180000001,13022610.440000001,27710607.65,8752102.72,6144797.719999999,188.716248,10705.560000000001,1021,,
2026-06-03T07:51:57 ET,2026-06-03T07:50:00 ET,2026-06-03,Wed,0752ET,2026-06-03,30778.25,746.16,30712.0,NEAR_FLIP,EXPANSION,,,,,,,30400.41,737.0,-377.84000000000015,-1.2276201538424054,-72859710.51,97329410.45,309059340.34999996,118950635.09,1215159.6999999955,39.37757099999999,38835.39,6891,,
2026-06-03T07:51:57 ET,2026-06-03T07:50:00 ET,2026-06-03,Wed,0752ET,2026-06-04,30778.25,746.16,30712.0,NEAR_FLIP,EXPANSION,,,,,,,30400.41,737.0,-377.84000000000015,-1.2276201538424054,-12104617.419999998,17593436.82,50572826.89,10632420.26,-4939932.779999999,-163.84637899999996,14275.39,1276,,
2026-06-03T07:51:57 ET,2026-06-03T07:50:00 ET,2026-06-03,Wed,0752ET,2026-06-03,30778.25,746.16,30712.0,NEAR_FLIP,EXPANSION,,,,,,,30441.66,738.0,-336.59000000000015,-1.0935969393971396,-56865655.20999999,88969289.42999999,221475702.26,96696896.53999999,14684833.530000001,573.123292,34554.02,5501,,
2026-06-03T07:51:57 ET,2026-06-03T07:50:00 ET,2026-06-03,Wed,0752ET,2026-06-04,30778.25,746.16,30712.0,NEAR_FLIP,EXPANSION,,,,,,,30441.66,738.0,-336.59000000000015,-1.0935969393971396,-5996531.700000001,28172742.439999998,22743664.099999994,15120751.5,23097740.209999997,824.6930460000001,22529.64,1897,,
2026-06-03T07:51:57 ET,2026-06-03T07:50:00 ET,2026-06-03,Wed,0752ET,2026-06-03,30778.25,746.16,30712.0,NEAR_FLIP,EXPANSION,,,,,,,30482.91,739.0,-295.34000000000015,-0.9595737249518739,-25628392.14,65793706.94,90362184.21,62614721.96,35883757.54,1589.7777040000003,25001.120000000003,3568,,
2026-06-03T07:51:57 ET,2026-06-03T07:50:00 ET,2026-06-03,Wed,0752ET,2026-06-04,30778.25,746.16,30712.0,NEAR_FLIP,EXPANSION,,,,,,,30482.91,739.0,-295.34000000000015,-0.9595737249518739,-10487408.420000002,30546699.1,35315089.79,14331231.149999999,10438057.649999999,398.06098899999995,24117.87,1920,,
2026-06-03T07:51:57 ET,2026-06-03T07:50:00 ET,2026-06-03,Wed,0752ET,2026-06-03,30778.25,746.16,30712.0,NEAR_FLIP,EXPANSION,,,,,,,30524.16,740.0,-254.09000000000015,-0.8255505105066082,-210522645.88,273842202.16,645226262.05,223635577.48,-83970257.34,-4232.823729999999,102039.68,13132,,
2026-06-03T07:51:57 ET,2026-06-03T07:50:00 ET,2026-06-03,Wed,0752ET,2026-06-04,30778.25,746.16,30712.0,NEAR_FLIP,EXPANSION,,,,,,,30524.16,740.0,-254.09000000000015,-0.8255505105066082,4688438.68,50988200.6,-13004098.040000007,20482329.78,59374232.56999999,2411.0170829999997,39677.95,3004,,
2026-06-03T07:51:57 ET,2026-06-03T07:50:00 ET,2026-06-03,Wed,0752ET,2026-06-03,30778.25,746.16,30712.0,NEAR_FLIP,EXPANSION,,,,,,,30565.41,741.0,-212.84000000000015,-0.6915272960613424,-80189863.77000001,148046833.91,210132857.63,100933746.03,-3739538.469999999,-238.23798299999999,54318.46,6354,,
2026-06-03T07:51:57 ET,2026-06-03T07:50:00 ET,2026-06-03,Wed,0752ET,2026-06-04,30778.25,746.16,30712.0,NEAR_FLIP,EXPANSION,,,,,,,30565.41,741.0,-212.84000000000015,-0.6915272960613424,-2695545.9400000004,17483383.52,7184845.099999998,5846149.74,8343367.359999999,351.030037,13358.849999999999,968,,
2026-06-03T07:51:57 ET,2026-06-03T07:50:00 ET,2026-06-03,Wed,0752ET,2026-06-03,30778.25,746.16,30712.0,NEAR_FLIP,EXPANSION,,,,,,,30606.65,742.0,-171.59999999999854,-0.5575365720923007,-95184956.64,179936158.36,205531414.42000002,98439655.13999999,-21523068.36,-1397.4153320000005,64840.03,6990,,
2026-06-03T07:51:57 ET,2026-06-03T07:50:00 ET,2026-06-03,Wed,0752ET,2026-06-04,30778.25,746.16,30712.0,NEAR_FLIP,EXPANSION,,,,,,,30606.65,742.0,-171.59999999999854,-0.5575365720923007,-35339365.26,57043144.339999996,72731596.15,15234584.75,-33751856.5,-1563.9035479999998,43098.04,3002,,
2026-06-03T07:51:57 ET,2026-06-03T07:50:00 ET,2026-06-03,Wed,0752ET,2026-06-03,30778.25,746.16,30712.0,NEAR_FLIP,EXPANSION,,,,,,,30647.9,743.0,-130.34999999999854,-0.423513357647035,727820.2199999988,143589743.06,2470367.230000004,59237457.84,70438931.28,4592.628383,50936.36,5128,,
2026-06-03T07:51:57 ET,2026-06-03T07:50:00 ET,2026-06-03,Wed,0752ET,2026-06-04,30778.25,746.16,30712.0,NEAR_FLIP,EXPANSION,,,,,,,30647.9,743.0,-130.34999999999854,-0.423513357647035,-4706500.970000001,33177214.53,8127568.539999999,6630911.98,7306705.359999996,314.45584499999995,24744.559999999998,1669,,
2026-06-03T07:51:57 ET,2026-06-03T07:50:00 ET,2026-06-03,Wed,0752ET,2026-06-03,30778.25,746.16,30712.0,NEAR_FLIP,EXPANSION,,,,,,,30689.15,744.0,-89.09999999999854,-0.28949014320176925,-31933684.179999992,216135257.26,41576059.91000001,60132049.21,32359183.86,2014.8211630000005,75256.72,7191,,
2026-06-03T07:51:57 ET,2026-06-03T07:50:00 ET,2026-06-03,Wed,0752ET,2026-06-04,30778.25,746.16,30712.0,NEAR_FLIP,EXPANSION,,,,,,,30689.15,744.0,-89.09999999999854,-0.28949014320176925,7054387.950000001,33822149.83,-7201706.719999999,4486579.83,24355679.639999997,1166.1594049999999,25130.94,1653,,
2026-06-03T07:51:57 ET,2026-06-03T07:50:00 ET,2026-06-03,Wed,0752ET,2026-06-03,30778.25,746.16,30712.0,NEAR_FLIP,EXPANSION,,,,,,,30730.4,745.0,-47.849999999998545,-0.15546692875650353,2914973.719999999,503081452.76,6046652.379999995,72442627.97,102062915.11999997,6711.12543,173137.31,15971,,
2026-06-03T07:51:57 ET,2026-06-03T07:50:00 ET,2026-06-03,Wed,0752ET,2026-06-04,30778.25,746.16,30712.0,NEAR_FLIP,EXPANSION,,,,,,,30730.4,745.0,-47.849999999998545,-0.15546692875650353,17198420.979999997,52556612.839999996,-9814962.46,3446445.7399999998,41224556.61,2024.8319179999999,38728.06,2506,,
2026-06-03T07:51:57 ET,2026-06-03T07:50:00 ET,2026-06-03,Wed,0752ET,2026-06-03,30778.25,746.16,30712.0,NEAR_FLIP,EXPANSION,,,,,,,30771.65,746.0,-6.599999999998545,-0.021443714311237788,64229135.20999999,245641803.99,-5474968.91,2432067.58,89625134.26000002,6395.846718999999,84130.74,7641,,
2026-06-03T07:51:57 ET,2026-06-03T07:50:00 ET,2026-06-03,Wed,0752ET,2026-06-04,30778.25,746.16,30712.0,NEAR_FLIP,EXPANSION,,,,,,,30771.65,746.0,-6.599999999998545,-0.021443714311237788,14613285.78,29004169.759999998,-1380756.02,-41748.8,27480891.89,1380.292163,21256.72,1365,,
2026-06-03T07:51:57 ET,2026-06-03T07:50:00 ET,2026-06-03,Wed,0752ET,2026-06-03,30778.25,746.16,30712.0,NEAR_FLIP,EXPANSION,,,,,,,30812.9,747.0,34.650000000001455,0.11257950013402794,70821103.22,159799046.14000002,28448202.189999998,-19893769.79,74386413.08,5176.431960000001,57444.66,5242,,
2026-06-03T07:51:57 ET,2026-06-03T07:50:00 ET,2026-06-03,Wed,0752ET,2026-06-04,30778.25,746.16,30712.0,NEAR_FLIP,EXPANSION,,,,,,,30812.9,747.0,34.650000000001455,0.11257950013402794,62609659.56999999,93532935.13,24035089.830000002,-6437393.34,108591650.44999999,5220.859401000001,71326.05,4586,,
2026-06-03T07:51:57 ET,2026-06-03T07:50:00 ET,2026-06-03,Wed,0752ET,2026-06-03,30778.25,746.16,30712.0,NEAR_FLIP,EXPANSION,,,,,,,30854.15,748.0,75.90000000000146,0.24660271457929367,62672487.410000004,136104454.11,55962459.769999996,-35146845.730000004,48914820.150000006,3287.5503780000004,48732.47,4555,,
2026-06-03T07:51:57 ET,2026-06-03T07:50:00 ET,2026-06-03,Wed,0752ET,2026-06-04,30778.25,746.16,30712.0,NEAR_FLIP,EXPANSION,,,,,,,30854.15,748.0,75.90000000000146,0.24660271457929367,14492314.249999998,24138118.729999997,12504576.919999998,-3272593.2800000003,21623621.700000003,1036.138138,18168.84,1180,,
2026-06-03T07:51:57 ET,2026-06-03T07:50:00 ET,2026-06-03,Wed,0752ET,2026-06-03,30778.25,746.16,30712.0,NEAR_FLIP,EXPANSION,,,,,,,30895.4,749.0,117.15000000000146,0.38062592902455944,57893465.37,85407801.11,84249756.94999999,-33450645.84,41847907.47,2883.558131,30003.18,2936,,
2026-06-03T07:51:57 ET,2026-06-03T07:50:00 ET,2026-06-03,Wed,0752ET,2026-06-04,30778.25,746.16,30712.0,NEAR_FLIP,EXPANSION,,,,,,,30895.4,749.0,117.15000000000146,0.38062592902455944,2195367.2800000003,12871538.780000001,2374908.6899999995,-2605640.3899999997,262886.4600000009,-27.43462999999997,9735.529999999999,644,,
2026-06-03T07:51:57 ET,2026-06-03T07:50:00 ET,2026-06-03,Wed,0752ET,2026-06-03,30778.25,746.16,30712.0,NEAR_FLIP,EXPANSION,,,,,,,30936.65,750.0,158.40000000000146,0.5146491434698252,157857912.5,196720120.39999998,312503039.5,-103293356.04,108405926.81,7058.43407,69088.13,7211,,
2026-06-03T07:51:57 ET,2026-06-03T07:50:00 ET,2026-06-03,Wed,0752ET,2026-06-04,30778.25,746.16,30712.0,NEAR_FLIP,EXPANSION,,,,,,,30936.65,750.0,158.40000000000146,0.5146491434698252,63853404.54000001,76423183.42,118822951.64,-20555852.58,82584897.58,3888.804756,56884.84,3873,,
2026-06-03T07:51:57 ET,2026-06-03T07:50:00 ET,2026-06-03,Wed,0752ET,2026-06-03,30778.25,746.16,30712.0,NEAR_FLIP,EXPANSION,,,,,,,30977.89,751.0,199.63999999999942,0.6486398674388552,58464242.83,59786004.59,147043094.25,-39357310.94,42705218.9,2579.771335,20952.69,2381,,
2026-06-03T07:51:57 ET,2026-06-03T07:50:00 ET,2026-06-03,Wed,0752ET,2026-06-04,30778.25,746.16,30712.0,NEAR_FLIP,EXPANSION,,,,,,,30977.89,751.0,199.63999999999942,0.6486398674388552,7245112.76,8854652.44,17391581.93,-2969809.8600000003,8135906.97,376.449188,6458.84,458,,
2026-06-03T07:51:57 ET,2026-06-03T07:50:00 ET,2026-06-03,Wed,0752ET,2026-06-03,30778.25,746.16,30712.0,NEAR_FLIP,EXPANSION,,,,,,,31019.14,752.0,240.88999999999942,0.7826630818841208,44099910.75,61189047.150000006,134499005.12,-48418154.12,13560593.549999997,734.8266900000001,21246.27,2696,,
2026-06-03T07:51:57 ET,2026-06-03T07:50:00 ET,2026-06-03,Wed,0752ET,2026-06-04,30778.25,746.16,30712.0,NEAR_FLIP,EXPANSION,,,,,,,31019.14,752.0,240.88999999999942,0.7826630818841208,27363087.23,28187631.290000003,80216651.67,-11327261.9,31516982.32,1406.1282210000002,20397.89,1520,,
2026-06-03T07:51:57 ET,2026-06-03T07:50:00 ET,2026-06-03,Wed,0752ET,2026-06-03,30778.25,746.16,30712.0,NEAR_FLIP,EXPANSION,,,,,,,31060.39,753.0,282.1399999999994,0.9166862963293866,47436578.42,54644287.72,172308848.18,-50495420.23,20283397.6,977.7251760000001,18749.97,2729,,
2026-06-03T07:51:57 ET,2026-06-03T07:50:00 ET,2026-06-03,Wed,0752ET,2026-06-04,30778.25,746.16,30712.0,NEAR_FLIP,EXPANSION,,,,,,,31060.39,753.0,282.1399999999994,0.9166862963293866,53843467.35,54445257.63,186370430.94,-25492633.990000002,58453327.0,2474.8823479999996,39099.82,3095,,
2026-06-03T07:51:57 ET,2026-06-03T07:50:00 ET,2026-06-03,Wed,0752ET,2026-06-03,30778.25,746.16,30712.0,NEAR_FLIP,EXPANSION,,,,,,,31101.64,754.0,323.3899999999994,1.0507095107746522,93705923.5,94500505.28,391920428.07,-99862993.37,52002563.45,2155.687446,32261.51,5487,,
2026-06-03T07:51:57 ET,2026-06-03T07:50:00 ET,2026-06-03,Wed,0752ET,2026-06-04,30778.25,746.16,30712.0,NEAR_FLIP,EXPANSION,,,,,,,31101.64,754.0,323.3899999999994,1.0507095107746522,6287754.71,6982454.87,25148392.610000003,-3732135.54,5577322.9799999995,221.48776300000003,4971.56,423,,
2026-06-03T07:51:57 ET,2026-06-03T07:50:00 ET,2026-06-03,Wed,0752ET,2026-06-03,30778.25,746.16,30712.0,NEAR_FLIP,EXPANSION,,,,,,,31142.89,755.0,364.6399999999994,1.184732725219918,77458240.36,79979986.22000001,363769984.95,-95121762.76,36249341.61,1267.589818,27419.109999999997,5498,,
2026-06-03T07:51:57 ET,2026-06-03T07:50:00 ET,2026-06-03,Wed,0752ET,2026-06-04,30778.25,746.16,30712.0,NEAR_FLIP,EXPANSION,,,,,,,31142.89,755.0,364.6399999999994,1.184732725219918,22296286.580000002,22663400.94,101148872.17999999,-13614342.98,20864090.04,768.025383,16046.17,1482,,
2026-06-03T07:51:57 ET,2026-06-03T07:50:00 ET,2026-06-03,Wed,0752ET,2026-06-03,30778.25,746.16,30712.0,NEAR_FLIP,EXPANSION,,,,,,,31184.14,756.0,405.8899999999994,1.3187559396651838,24618975.66,25379696.580000002,128286562.37,-33544536.17,10416126.5,301.299663,8726.37,2104,,
2026-06-03T07:51:57 ET,2026-06-03T07:50:00 ET,2026-06-03,Wed,0752ET,2026-06-04,30778.25,746.16,30712.0,NEAR_FLIP,EXPANSION,,,,,,,31184.14,756.0,405.8899999999994,1.3187559396651838,11633129.07,11633129.07,58664038.56,-7758270.02,10608210.61,357.471782,8246.44,831,,
2026-06-03T07:51:57 ET,2026-06-03T07:50:00 ET,2026-06-03,Wed,0752ET,2026-06-03,30778.25,746.16,30712.0,NEAR_FLIP,EXPANSION,,,,,,,31225.39,757.0,447.1399999999994,1.4527791541104496,24744452.62,25718712.220000003,141734422.89,-37392796.559999995,8572873.780000001,199.72142000000002,8862.109999999999,2620,,
2026-06-03T07:51:57 ET,2026-06-03T07:50:00 ET,2026-06-03,Wed,0752ET,2026-06-04,30778.25,746.16,30712.0,NEAR_FLIP,EXPANSION,,,,,,,31225.39,757.0,447.1399999999994,1.4527791541104496,2995959.93,2995959.93,16684184.09,-2195979.67,2584355.83,78.973324,2117.91,236,,
2026-06-03T07:51:57 ET,2026-06-03T07:50:00 ET,2026-06-03,Wed,0752ET,2026-06-03,30778.25,746.16,30712.0,NEAR_FLIP,EXPANSION,,,,,,,31266.64,758.0,488.3899999999994,1.586802368555715,14082757.31,14165927.97,87660286.71000001,-22466599.87,5972611.69,112.747118,4899.89,1800,,
2026-06-03T07:51:57 ET,2026-06-03T07:50:00 ET,2026-06-03,Wed,0752ET,2026-06-04,30778.25,746.16,30712.0,NEAR_FLIP,EXPANSION,,,,,,,31266.64,758.0,488.3899999999994,1.586802368555715,2890389.47,2890389.47,17673214.64,-2309235.75,2351975.37,64.425757,2031.8,254,,
2026-06-03T07:51:57 ET,2026-06-03T07:50:00 ET,2026-06-03,Wed,0752ET,2026-06-03,30778.25,746.16,30712.0,NEAR_FLIP,EXPANSION,,,,,,,31307.89,759.0,529.6399999999994,1.7208255830009809,15199571.28,15199571.28,98935059.11,-26114755.02,6839211.66,109.606316,5449.52,2283,,
2026-06-03T07:51:57 ET,2026-06-03T07:50:00 ET,2026-06-03,Wed,0752ET,2026-06-04,30778.25,746.16,30712.0,NEAR_FLIP,EXPANSION,,,,,,,31307.89,759.0,529.6399999999994,1.7208255830009809,6202437.149999999,6222730.29,41287491.019999996,-5381523.03,4719552.7700000005,114.566926,4355.59,617,,
2026-06-03T07:51:57 ET,2026-06-03T07:50:00 ET,2026-06-03,Wed,0752ET,2026-06-03,30778.25,746.16,30712.0,NEAR_FLIP,EXPANSION,,,,,,,31349.13,760.0,570.880000000001,1.8548163069700228,18319824.96,18319824.96,128383665.79,-33887933.87,7820271.23,98.056159,6572.21,3517,,
2026-06-03T07:51:57 ET,2026-06-03T07:50:00 ET,2026-06-03,Wed,0752ET,2026-06-04,30778.25,746.16,30712.0,NEAR_FLIP,EXPANSION,,,,,,,31349.13,760.0,570.880000000001,1.8548163069700228,26242810.990000002,26296555.35,188532642.64999998,-24472482.42,19067344.189999998,406.328607,18374.75,2970,,
2026-06-03T07:51:57 ET,2026-06-03T07:50:00 ET,2026-06-03,Wed,0752ET,2026-06-03,30778.25,746.16,30712.0,NEAR_FLIP,EXPANSION,,,,,,,31390.38,761.0,612.130000000001,1.9888395214152885,8820190.9,8820190.9,64090541.18,-17478179.84,3789846.52,40.232194,3270.87,2000,,
2026-06-03T07:51:57 ET,2026-06-03T07:50:00 ET,2026-06-03,Wed,0752ET,2026-06-04,30778.25,746.16,30712.0,NEAR_FLIP,EXPANSION,,,,,,,31390.38,761.0,612.130000000001,1.9888395214152885,2076660.21,2108050.67,16118677.07,-2100276.38,1310882.3699999999,24.026286,1461.6100000000001,276,,
2026-06-03T07:51:57 ET,2026-06-03T07:50:00 ET,2026-06-03,Wed,0752ET,2026-06-03,30778.25,746.16,30712.0,NEAR_FLIP,EXPANSION,,,,,,,31431.63,762.0,653.380000000001,2.1228627358605543,4295331.76,4295331.76,32960978.17,-9076176.39,1789624.26,15.080583,1609.1,1227,,
2026-06-03T07:51:57 ET,2026-06-03T07:50:00 ET,2026-06-03,Wed,0752ET,2026-06-04,30778.25,746.16,30712.0,NEAR_FLIP,EXPANSION,,,,,,,31431.63,762.0,653.380000000001,2.1228627358605543,1676243.87,1689899.85,13871526.83,-1794634.1600000001,1047362.72,16.532758,1172.3,257,,
2026-06-03T07:51:57 ET,2026-06-03T07:50:00 ET,2026-06-03,Wed,0752ET,2026-06-03,30778.25,746.16,30712.0,NEAR_FLIP,EXPANSION,,,,,,,31472.88,763.0,694.630000000001,2.25688595030582,1703848.07,1709690.39,13642429.76,-3837178.59,627674.2,4.284431,652.26,601,,
2026-06-03T07:51:57 ET,2026-06-03T07:50:00 ET,2026-06-03,Wed,0752ET,2026-06-04,30778.25,746.16,30712.0,NEAR_FLIP,EXPANSION,,,,,,,31472.88,763.0,694.630000000001,2.25688595030582,1402177.26,1402177.26,12265836.76,-1581087.88,900555.06,12.256476,977.62,248,,
2026-06-03T07:51:57 ET,2026-06-03T07:50:00 ET,2026-06-03,Wed,0752ET,2026-06-03,30778.25,746.16,30712.0,NEAR_FLIP,EXPANSION,,,,,,,31514.13,764.0,735.880000000001,2.390909164751086,572040.98,572040.98,4691767.91,-1359003.68,238438.42,1.409132,225.59,233,,
2026-06-03T07:51:57 ET,2026-06-03T07:50:00 ET,2026-06-03,Wed,0752ET,2026-06-04,30778.25,746.16,30712.0,NEAR_FLIP,EXPANSION,,,,,,,31514.13,764.0,735.880000000001,2.390909164751086,907744.13,907744.13,8303233.46,-1083116.79,572221.74,6.758654,640.93,185,,
2026-06-03T07:51:57 ET,2026-06-03T07:50:00 ET,2026-06-03,Wed,0752ET,2026-06-03,30778.25,746.16,30712.0,NEAR_FLIP,EXPANSION,,,,,,,31555.38,765.0,777.130000000001,2.5249323791963514,1520695.35,1524607.81,12982861.610000001,-3821695.4899999998,549850.51,2.617255,609.65,772,,
2026-06-03T07:51:57 ET,2026-06-03T07:50:00 ET,2026-06-03,Wed,0752ET,2026-06-04,30778.25,746.16,30712.0,NEAR_FLIP,EXPANSION,,,,,,,31555.38,765.0,777.130000000001,2.5249323791963514,2060705.41,2060705.41,19924940.28,-2593572.51,1246436.81,12.341063,1452.83,501,,
2026-06-03T07:51:57 ET,2026-06-03T07:50:00 ET,2026-06-03,Wed,0752ET,2026-06-03,30778.25,746.16,30712.0,NEAR_FLIP,EXPANSION,,,,,,,31596.63,766.0,818.380000000001,2.658955593641617,1184889.07,1184889.07,10911432.54,-3124584.06,445670.7,1.407694,462.24,903,,
2026-06-03T07:51:57 ET,2026-06-03T07:50:00 ET,2026-06-03,Wed,0752ET,2026-06-04,30778.25,746.16,30712.0,NEAR_FLIP,EXPANSION,,,,,,,31596.63,766.0,818.380000000001,2.658955593641617,1056093.27,1056093.27,11372091.79,-1397648.65,556991.72,3.879379,703.41,365,,
2026-06-03T07:51:57 ET,2026-06-03T07:50:00 ET,2026-06-03,Wed,0752ET,2026-06-03,30778.25,746.16,30712.0,NEAR_FLIP,EXPANSION,,,,,,,31637.88,767.0,859.630000000001,2.792978808086883,1282990.28,1282990.28,11382015.2,-3552004.32,542219.42,1.965454,545.6,852,,
2026-06-03T07:51:57 ET,2026-06-03T07:50:00 ET,2026-06-03,Wed,0752ET,2026-06-04,30778.25,746.16,30712.0,NEAR_FLIP,EXPANSION,,,,,,,31637.88,767.0,859.630000000001,2.792978808086883,222315.41,222315.41,2369522.29,-308830.52,125410.09,0.860422,157.11,78,,
2026-06-03T07:51:57 ET,2026-06-03T07:50:00 ET,2026-06-03,Wed,0752ET,2026-06-03,30778.25,746.16,30712.0,NEAR_FLIP,EXPANSION,,,,,,,31679.13,768.0,900.880000000001,2.9270020225321485,1584072.04,1584072.04,15096485.37,-4591433.57,615858.05,1.473233,656.66,1594,,
2026-06-03T07:51:57 ET,2026-06-03T07:50:00 ET,2026-06-03,Wed,0752ET,2026-06-04,30778.25,746.16,30712.0,NEAR_FLIP,EXPANSION,,,,,,,31679.13,768.0,900.880000000001,2.9270020225321485,415654.43,415654.43,4594173.38,-604525.19,230396.81,1.340246,296.7,172,,
2026-06-03T07:51:57 ET,2026-06-03T07:50:00 ET,2026-06-03,Wed,0752ET,2026-06-03,30778.25,746.16,30712.0,NEAR_FLIP,EXPANSION,,,,,,,31720.37,769.0,942.119999999999,3.0609927465011784,189488.21,189488.21,1769463.84,-574052.97,79932.49,0.204828,83.81,178,,
2026-06-03T07:51:57 ET,2026-06-03T07:50:00 ET,2026-06-03,Wed,0752ET,2026-06-04,30778.25,746.16,30712.0,NEAR_FLIP,EXPANSION,,,,,,,31720.37,769.0,942.119999999999,3.0609927465011784,135643.84,135643.84,1579198.86,-206095.02,71666.41,0.32958,96.07,71,,
2026-06-03T07:51:57 ET,2026-06-03T07:50:00 ET,2026-06-03,Wed,0752ET,2026-06-03,30778.25,746.16,30712.0,NEAR_FLIP,EXPANSION,,,,,,,31761.62,770.0,983.369999999999,3.1950159609464444,1174245.51,1174245.51,11501475.17,-3709872.71,473715.65,0.888521,516.46,1507,,
2026-06-03T07:51:57 ET,2026-06-03T07:50:00 ET,2026-06-03,Wed,0752ET,2026-06-04,30778.25,746.16,30712.0,NEAR_FLIP,EXPANSION,,,,,,,31761.62,770.0,983.369999999999,3.1950159609464444,332462.11,332462.11,4036973.35,-526740.5,169977.76,0.629774,235.52,216,,
2026-06-03T07:51:57 ET,2026-06-03T07:50:00 ET,2026-06-03,Wed,0752ET,2026-06-03,30778.25,746.16,30712.0,NEAR_FLIP,EXPANSION,,,,,,,31802.87,771.0,1024.619999999999,3.32903917539171,591312.79,591312.79,5844624.08,-1945189.74,244373.44,0.41707,268.4,834,,
2026-06-03T07:51:57 ET,2026-06-03T07:50:00 ET,2026-06-03,Wed,0752ET,2026-06-04,30778.25,746.16,30712.0,NEAR_FLIP,EXPANSION,,,,,,,31802.87,771.0,1024.619999999999,3.32903917539171,52616.23,52616.23,652182.21,-86787.46,27003.9,0.087697,38.03,39,,
2026-06-03T07:51:57 ET,2026-06-03T07:50:00 ET,2026-06-03,Wed,0752ET,2026-06-03,30778.25,746.16,30712.0,NEAR_FLIP,EXPANSION,,,,,,,31844.12,772.0,1065.869999999999,3.463062389836976,148349.15,148349.15,1482905.06,-507303.35,62452.04,0.095715,69.23,233,,
2026-06-03T07:51:57 ET,2026-06-03T07:50:00 ET,2026-06-03,Wed,0752ET,2026-06-04,30778.25,746.16,30712.0,NEAR_FLIP,EXPANSION,,,,,,,31844.12,772.0,1065.869999999999,3.463062389836976,26140.11,26140.11,330206.06,-44815.82,13483.04,0.038564,19.28,22,,
2026-06-03T07:51:57 ET,2026-06-03T07:50:00 ET,2026-06-03,Wed,0752ET,2026-06-03,30778.25,746.16,30712.0,NEAR_FLIP,EXPANSION,,,,,,,31885.37,773.0,1107.119999999999,3.5970856042822414,22864.57,22864.57,222958.6,-81173.0,10459.81,0.01799,11.36,32,,
2026-06-03T07:51:57 ET,2026-06-03T07:50:00 ET,2026-06-03,Wed,0752ET,2026-06-04,30778.25,746.16,30712.0,NEAR_FLIP,EXPANSION,,,,,,,31885.37,773.0,1107.119999999999,3.5970856042822414,752026.74,752026.74,9655706.79,-1338146.16,391097.18,0.995755,566.41,711,,
2026-06-03T07:51:57 ET,2026-06-03T07:50:00 ET,2026-06-03,Wed,0752ET,2026-06-03,30778.25,746.16,30712.0,NEAR_FLIP,EXPANSION,,,,,,,31926.62,774.0,1148.369999999999,3.731108818727507,17897.76,17897.76,181425.74,-65852.92,7906.32,0.010322,8.86,33,,
2026-06-03T07:51:57 ET,2026-06-03T07:50:00 ET,2026-06-03,Wed,0752ET,2026-06-04,30778.25,746.16,30712.0,NEAR_FLIP,EXPANSION,,,,,,,31926.62,774.0,1148.369999999999,3.731108818727507,5657.72,5657.72,71136.7,-10436.54,3169.48,0.008633,4.51,5,,
2026-06-03T07:51:57 ET,2026-06-03T07:50:00 ET,2026-06-03,Wed,0752ET,2026-06-03,30778.25,746.16,30712.0,NEAR_FLIP,EXPANSION,,,,,,,31967.87,775.0,1189.619999999999,3.865132033172773,36379.0,36379.0,371654.06,-138567.86,16404.37,0.019678,18.51,73,,
2026-06-03T07:51:57 ET,2026-06-03T07:50:00 ET,2026-06-03,Wed,0752ET,2026-06-04,30778.25,746.16,30712.0,NEAR_FLIP,EXPANSION,,,,,,,31967.87,775.0,1189.619999999999,3.865132033172773,80565.17,80565.17,1100574.45,-153772.84,40189.32,0.068369,61.21,114,,
2026-06-03T07:51:57 ET,2026-06-03T07:50:00 ET,2026-06-03,Wed,0752ET,2026-06-03,30778.25,746.16,30712.0,NEAR_FLIP,EXPANSION,,,,,,,32174.11,780.0,1395.8600000000006,4.535215614922877,50884.78,50884.78,530936.93,-226694.34,25846.74,0.023109,29.67,137,,
2026-06-03T07:51:57 ET,2026-06-03T07:50:00 ET,2026-06-03,Wed,0752ET,2026-06-04,30778.25,746.16,30712.0,NEAR_FLIP,EXPANSION,,,,,,,32174.11,780.0,1395.8600000000006,4.535215614922877,230773.26,230773.26,3356392.58,-514928.61,120197.32,0.118809,192.74,562,,
2026-06-03T07:51:57 ET,2026-06-03T07:50:00 ET,2026-06-03,Wed,0752ET,2026-06-03,30778.25,746.16,30712.0,NEAR_FLIP,EXPANSION,,,,,,,32380.36,785.0,1602.1100000000006,5.205331687149206,167640.5,167640.5,1763691.47,-854566.79,96064.09,0.07126,110.95,544,,
2026-06-03T07:51:57 ET,2026-06-03T07:50:00 ET,2026-06-03,Wed,0752ET,2026-06-04,30778.25,746.16,30712.0,NEAR_FLIP,EXPANSION,,,,,,,32380.36,785.0,1602.1100000000006,5.205331687149206,124259.66,124259.66,1878684.74,-317130.76,69018.8,0.045673,114.28,452,,
2026-06-03T07:51:57 ET,2026-06-03T07:50:00 ET,2026-06-03,Wed,0752ET,2026-06-03,30778.25,746.16,30712.0,NEAR_FLIP,EXPANSION,,,,,,,32586.6,790.0,1808.3499999999985,5.8754152688992995,5651.22,5651.22,58342.39,-32424.45,3777.94,0.002855,4.29,18,,
2026-06-03T07:51:57 ET,2026-06-03T07:50:00 ET,2026-06-03,Wed,0752ET,2026-06-04,30778.25,746.16,30712.0,NEAR_FLIP,EXPANSION,,,,,,,32586.6,790.0,1808.3499999999985,5.8754152688992995,13434.74,13434.74,190247.36,-38598.93,9490.8,0.008769,14.86,35,,
2026-06-03T07:51:57 ET,2026-06-03T07:50:00 ET,2026-06-03,Wed,0752ET,2026-06-03,30778.25,746.16,30712.0,NEAR_FLIP,EXPANSION,,,,,,,32999.09,800.0,2220.8399999999965,7.215614922875721,-784.86,2354.58,-7590.13,-16506.23,-296291.14999999997,-0.27988799999999997,2.34,6,,
2026-06-03T07:51:57 ET,2026-06-03T07:50:00 ET,2026-06-03,Wed,0752ET,2026-06-04,30778.25,746.16,30712.0,NEAR_FLIP,EXPANSION,,,,,,,32999.09,800.0,2220.8399999999965,7.215614922875721,3266.2599999999993,5132.7,54323.26,-17979.33,-742872.42,-0.166879,5.9,55,,
2026-06-03T07:51:57 ET,2026-06-03T07:50:00 ET,2026-06-03,Wed,0752ET,2026-06-03,30778.25,746.16,30712.0,NEAR_FLIP,EXPANSION,,,,,,,33205.33,805.0,2427.0800000000017,7.885698504625838,903.53,903.53,8397.05,-6906.26,978.64,0.001064,1.02,2,,
2026-06-03T07:51:57 ET,2026-06-03T07:50:00 ET,2026-06-03,Wed,0752ET,2026-06-04,30778.25,746.16,30712.0,NEAR_FLIP,EXPANSION,,,,,,,33411.58,810.0,2633.3300000000017,8.555814576852166,88.74,88.74,1459.15,-366.41,68.56,1.5e-05,0.12,1,,
2026-06-03T07:51:57 ET,2026-06-03T07:50:00 ET,2026-06-03,Wed,0752ET,AGGREGATE,30778.25,746.16,30712.0,NEAR_FLIP,EXPANSION,,,,,,,27719.23,672.0,-3059.0200000000004,-9.938901659451075,-379640.14,457097.12,2330280.38,4626514.24,1337513.55,3.3567269999999994,1067.07,415,,
2026-06-03T07:51:57 ET,2026-06-03T07:50:00 ET,2026-06-03,Wed,0752ET,AGGREGATE,30778.25,746.16,30712.0,NEAR_FLIP,EXPANSION,,,,,,,27760.48,673.0,-3017.7700000000004,-9.804878445005809,-33574.33,33574.33,243003.07,294413.58999999997,-90530.65,-0.225941,80.26,34,,
2026-06-03T07:51:57 ET,2026-06-03T07:50:00 ET,2026-06-03,Wed,0752ET,AGGREGATE,30778.25,746.16,30712.0,NEAR_FLIP,EXPANSION,,,,,,,27801.73,674.0,-2976.5200000000004,-9.670855230560543,-3480822.6599999997,3480822.6599999997,21524423.15,34727294.17,-9761352.639999999,-26.181753999999998,7720.29,3125,,
2026-06-03T07:51:57 ET,2026-06-03T07:50:00 ET,2026-06-03,Wed,0752ET,AGGREGATE,30778.25,746.16,30712.0,NEAR_FLIP,EXPANSION,,,,,,,27842.98,675.0,-2935.2700000000004,-9.536832016115278,-1921360.3,1972919.78,12304395.639999999,18947073.8,-3299534.34,-9.438889999999999,4317.44,1813,,
2026-06-03T07:51:57 ET,2026-06-03T07:50:00 ET,2026-06-03,Wed,0752ET,AGGREGATE,30778.25,746.16,30712.0,NEAR_FLIP,EXPANSION,,,,,,,27884.23,676.0,-2894.0200000000004,-9.402808801670012,-3017543.55,3019061.67,19037764.75,29231080.939999998,-7906647.46,-21.201497,6393.73,2721,,
2026-06-03T07:51:57 ET,2026-06-03T07:50:00 ET,2026-06-03,Wed,0752ET,AGGREGATE,30778.25,746.16,30712.0,NEAR_FLIP,EXPANSION,,,,,,,27925.48,677.0,-2852.7700000000004,-9.268785587224746,-309008.09,313579.49,2337799.52,2541512.4299999997,-526819.02,-1.4347889999999999,691.64,322,,
2026-06-03T07:51:57 ET,2026-06-03T07:50:00 ET,2026-06-03,Wed,0752ET,AGGREGATE,30778.25,746.16,30712.0,NEAR_FLIP,EXPANSION,,,,,,,27966.73,678.0,-2811.5200000000004,-9.13476237277948,-728439.14,737303.88,5069127.63,6487975.97,-1487565.2199999997,-3.8099570000000003,1532.12,705,,
2026-06-03T07:51:57 ET,2026-06-03T07:50:00 ET,2026-06-03,Wed,0752ET,AGGREGATE,30778.25,746.16,30712.0,NEAR_FLIP,EXPANSION,,,,,,,28007.98,679.0,-2770.2700000000004,-9.000739158334214,-1278875.8599999999,1329260.06,8687776.57,11837991.049999999,-1371815.5799999998,-3.7258690000000003,2667.3,1245,,
2026-06-03T07:51:57 ET,2026-06-03T07:50:00 ET,2026-06-03,Wed,0752ET,AGGREGATE,30778.25,746.16,30712.0,NEAR_FLIP,EXPANSION,,,,,,,28049.23,680.0,-2729.0200000000004,-8.866715943888948,-746918.1000000001,823288.5,5890044.23,6258640.8,1184035.1500000001,2.489976,1710.05,854,,
2026-06-03T07:51:57 ET,2026-06-03T07:50:00 ET,2026-06-03,Wed,0752ET,AGGREGATE,30778.25,746.16,30712.0,NEAR_FLIP,EXPANSION,,,,,,,28090.47,681.0,-2687.779999999999,-8.732725219919907,-8724304.33,8726505.889999999,57473040.76,78539701.00999999,-19809819.13,-52.485732,16367.99,7929,,
2026-06-03T07:51:57 ET,2026-06-03T07:50:00 ET,2026-06-03,Wed,0752ET,AGGREGATE,30778.25,746.16,30712.0,NEAR_FLIP,EXPANSION,,,,,,,28131.72,682.0,-2646.529999999999,-8.59870200547464,-8867682.030000001,8963764.070000002,58772051.39000001,79191013.72,-15238236.370000001,-43.601312,16426.28,8184,,
2026-06-03T07:51:57 ET,2026-06-03T07:50:00 ET,2026-06-03,Wed,0752ET,AGGREGATE,30778.25,746.16,30712.0,NEAR_FLIP,EXPANSION,,,,,,,28172.97,683.0,-2605.279999999999,-8.464678791029376,-2143129.58,2151889.7600000002,15466213.47,17569721.73,-4206425.03,-10.731539000000001,3967.4800000000005,2063,,
2026-06-03T07:51:57 ET,2026-06-03T07:50:00 ET,2026-06-03,Wed,0752ET,AGGREGATE,30778.25,746.16,30712.0,NEAR_FLIP,EXPANSION,,,,,,,28214.22,684.0,-2564.029999999999,-8.33065557658411,-289489.92,296041.56,2464840.96,1992452.25,-344924.9,-0.749501,574.3900000000001,315,,
2026-06-03T07:51:57 ET,2026-06-03T07:50:00 ET,2026-06-03,Wed,0752ET,AGGREGATE,30778.25,746.16,30712.0,NEAR_FLIP,EXPANSION,,,,,,,28255.47,685.0,-2522.779999999999,-8.196632362138844,-1467226.9800000002,1548578.06,10829317.99,12127669.75,-59897.41000000003,-0.4136989999999998,2731.45,1496,,
2026-06-03T07:51:57 ET,2026-06-03T07:50:00 ET,2026-06-03,Wed,0752ET,AGGREGATE,30778.25,746.16,30712.0,NEAR_FLIP,EXPANSION,,,,,,,28296.72,686.0,-2481.529999999999,-8.062609147693578,-390222.22,392393.26,2866391.5300000003,3065417.5100000002,-677244.99,-1.719228,670.5099999999999,376,,
2026-06-03T07:51:57 ET,2026-06-03T07:50:00 ET,2026-06-03,Wed,0752ET,AGGREGATE,30778.25,746.16,30712.0,NEAR_FLIP,EXPANSION,,,,,,,28337.97,687.0,-2440.279999999999,-7.928585933248312,-953730.91,992970.73,6619786.32,7944530.600000001,-76993.17999999988,-1.3024930000000001,1618.76,929,1.789945506941392,PUT WALL + VOL SENSITIVE
2026-06-03T07:51:57 ET,2026-06-03T07:50:00 ET,2026-06-03,Wed,0752ET,AGGREGATE,30778.25,746.16,30712.0,NEAR_FLIP,EXPANSION,,,,,,,28379.22,688.0,-2399.029999999999,-7.794562718803047,-742312.1,761008.36,5579613.989999999,5637911.529999999,-544230.0000000001,-1.755717,1249.3500000000001,738,1.3930586215922787,PUT WALL + VOL SENSITIVE
2026-06-03T07:51:57 ET,2026-06-03T07:50:00 ET,2026-06-03,Wed,0752ET,AGGREGATE,30778.25,746.16,30712.0,NEAR_FLIP,EXPANSION,,,,,,,28420.47,689.0,-2357.779999999999,-7.660539504357781,-175481.85,250787.63000000003,1280839.87,1932643.6800000002,2168801.95,5.625982,388.89,236,0.4214639847820374,PUT WALL + VOL SENSITIVE
2026-06-03T07:51:57 ET,2026-06-03T07:50:00 ET,2026-06-03,Wed,0752ET,AGGREGATE,30778.25,746.16,30712.0,NEAR_FLIP,EXPANSION,,,,,,,28461.71,690.0,-2316.540000000001,-7.526548780388752,-1278280.52,1335028.56,10179629.219999999,9110977.58,8831.409999999916,-0.4047919999999998,2136.77,1322,2.432682920336392,PUT WALL + VOL SENSITIVE
2026-06-03T07:51:57 ET,2026-06-03T07:50:00 ET,2026-06-03,Wed,0752ET,AGGREGATE,30778.25,746.16,30712.0,NEAR_FLIP,EXPANSION,,,,,,,28502.96,691.0,-2275.290000000001,-7.392525565943487,-190238.21000000002,217218.57,1631861.77,1365439.04,622293.02,1.5831659999999999,350.24,220,0.3877098185548688,PUT WALL + VOL SENSITIVE
2026-06-03T07:51:57 ET,2026-06-03T07:50:00 ET,2026-06-03,Wed,0752ET,AGGREGATE,30778.25,746.16,30712.0,NEAR_FLIP,EXPANSION,,,,,,,28544.21,692.0,-2234.040000000001,-7.258502351498219,-575557.11,587978.15,5751176.99,2768760.44,-429024.77999999997,-0.8468549999999999,1033.01,640,1.108121859918103,PUT WALL + VOL SENSITIVE
2026-06-03T07:51:57 ET,2026-06-03T07:50:00 ET,2026-06-03,Wed,0752ET,AGGREGATE,30778.25,746.16,30712.0,NEAR_FLIP,EXPANSION,,,,,,,28585.46,693.0,-2192.790000000001,-7.124479137052954,-939922.88,942052.12,7236895.9,6509714.430000001,-1381131.0799999998,-3.477522,1344.64,904,1.7075599448751513,PUT WALL + VOL SENSITIVE
2026-06-03T07:51:57 ET,2026-06-03T07:50:00 ET,2026-06-03,Wed,0752ET,AGGREGATE,30778.25,746.16,30712.0,NEAR_FLIP,EXPANSION,,,,,,,28626.71,694.0,-2151.540000000001,-6.990455922607689,-762461.76,764586.8799999999,7193689.79,3893384.1199999996,-1026845.5899999999,-2.396059,1230.67,791,1.4140187078523108,PUT WALL + VOL SENSITIVE
2026-06-03T07:51:57 ET,2026-06-03T07:50:00 ET,2026-06-03,Wed,0752ET,AGGREGATE,30778.25,746.16,30712.0,NEAR_FLIP,EXPANSION,,,,,,,28667.96,695.0,-2110.290000000001,-6.856432708162423,-770656.9400000001,887859.9,6725452.27,5192817.61,2910036.9299999997,7.418557,1296.19,878,1.5523310156132366,PUT WALL + VOL SENSITIVE
2026-06-03T07:51:57 ET,2026-06-03T07:50:00 ET,2026-06-03,Wed,0752ET,AGGREGATE,30778.25,746.16,30712.0,NEAR_FLIP,EXPANSION,,,,,,,28709.21,696.0,-2069.040000000001,-6.722409493717158,-602130.03,602130.03,5653492.71,2998863.16,-825387.39,-1.983719,918.9100000000001,606,1.094105587074741,PUT WALL + VOL SENSITIVE
2026-06-03T07:51:57 ET,2026-06-03T07:50:00 ET,2026-06-03,Wed,0752ET,AGGREGATE,30778.25,746.16,30712.0,NEAR_FLIP,EXPANSION,,,,,,,28750.46,697.0,-2027.7900000000009,-6.588386279271891,-888335.24,949597.1199999999,7737042.07,5358751.720000001,882090.03,2.322357,1315.96,924,1.667997638143723,PUT WALL + VOL SENSITIVE
2026-06-03T07:51:57 ET,2026-06-03T07:50:00 ET,2026-06-03,Wed,0752ET,AGGREGATE,30778.25,746.16,30712.0,NEAR_FLIP,EXPANSION,,,,,,,28791.7,698.0,-1986.5499999999993,-6.45439555530285,-336103.89999999997,588606.8,2588680.31,3027901.2600000002,8706974.13,20.767861999999997,827.29,572,0.8774697309044168,PUT WALL + VOL SENSITIVE
2026-06-03T07:51:57 ET,2026-06-03T07:50:00 ET,2026-06-03,Wed,0752ET,AGGREGATE,30778.25,746.16,30712.0,NEAR_FLIP,EXPANSION,,,,,,,28832.95,699.0,-1945.2999999999993,-6.320372340857585,-893814.57,895936.17,7287384.3,5332696.359999999,-1071234.0699999998,-2.71765,1111.12,850,1.579930064457468,PUT WALL + VOL SENSITIVE
2026-06-03T07:51:57 ET,2026-06-03T07:50:00 ET,2026-06-03,Wed,0752ET,AGGREGATE,30778.25,746.16,30712.0,NEAR_FLIP,EXPANSION,,,,,,,28874.2,700.0,-1904.0499999999993,-6.186349126412318,-4825490.24,5296675.14,39288629.4,31122262.090000004,9994767.440000001,25.534658,6354.950000000001,4992,9.037835170052734,PUT WALL + VOL SENSITIVE
2026-06-03T07:51:57 ET,2026-06-03T07:50:00 ET,2026-06-03,Wed,0752ET,AGGREGATE,30778.25,746.16,30712.0,NEAR_FLIP,EXPANSION,,,,,,,28915.45,701.0,-1862.7999999999993,-6.052325911967053,-1234661.26,1255986.18,10416423.82,6907630.140000001,-765613.1299999999,-1.9783519999999999,1513.1999999999998,1174,2.170813874960489,PUT WALL + VOL SENSITIVE
2026-06-03T07:51:57 ET,2026-06-03T07:50:00 ET,2026-06-03,Wed,0752ET,AGGREGATE,30778.25,746.16,30712.0,NEAR_FLIP,EXPANSION,,,,,,,28956.7,702.0,-1821.5499999999993,-5.918302697521787,-686344.21,697338.95,5788593.08,3748937.17,-441824.62,-1.1344739999999998,818.26,645,1.1929468777627124,PUT WALL + VOL SENSITIVE
2026-06-03T07:51:57 ET,2026-06-03T07:50:00 ET,2026-06-03,Wed,0752ET,AGGREGATE,30778.25,746.16,30712.0,NEAR_FLIP,EXPANSION,,,,,,,28997.95,703.0,-1780.2999999999993,-5.784279483076521,-1027488.4199999999,1049028.78,8760349.12,5532084.1,-433595.93000000005,-1.1210329999999997,1187.66,975,1.7944383621576951,PUT WALL + VOL SENSITIVE
2026-06-03T07:51:57 ET,2026-06-03T07:50:00 ET,2026-06-03,Wed,0752ET,AGGREGATE,30778.25,746.16,30712.0,NEAR_FLIP,EXPANSION,,,,,,,29039.2,704.0,-1739.0499999999993,-5.650256268631255,-742248.01,763415.69,7037206.49,3256627.45,-166135.45,-0.3179730000000003,942.27,694,1.2777922761973737,PUT WALL + VOL SENSITIVE
2026-06-03T07:51:57 ET,2026-06-03T07:50:00 ET,2026-06-03,Wed,0752ET,AGGREGATE,30778.25,746.16,30712.0,NEAR_FLIP,EXPANSION,,,,,,,29080.45,705.0,-1697.7999999999993,-5.51623305418599,-2171889.46,4015504.36,16205036.03,18594240.42,50963098.8,153.634111,4588.049999999999,3523,5.462856927751314,PUT WALL + VOL SENSITIVE
2026-06-03T07:51:57 ET,2026-06-03T07:50:00 ET,2026-06-03,Wed,0752ET,AGGREGATE,30778.25,746.16,30712.0,NEAR_FLIP,EXPANSION,,,,,,,29121.7,706.0,-1656.5499999999993,-5.382209839740724,-1638131.06,1683881.44,13635687.9,8531714.91,-390063.89,-0.5957449999999997,1717.46,1497,2.7747931801895174,PUT WALL + VOL SENSITIVE
2026-06-03T07:51:57 ET,2026-06-03T07:50:00 ET,2026-06-03,Wed,0752ET,AGGREGATE,30778.25,746.16,30712.0,NEAR_FLIP,EXPANSION,,,,,,,29162.94,707.0,-1615.3100000000013,-5.248219115771693,-1703115.6600000001,1716574.6600000001,14894723.56,7926479.01,-1281023.8599999999,-3.6508390000000004,1791.7800000000002,1478,2.8015468020740424,PUT WALL + VOL SENSITIVE
2026-06-03T07:51:57 ET,2026-06-03T07:50:00 ET,2026-06-03,Wed,0752ET,AGGREGATE,30778.25,746.16,30712.0,NEAR_FLIP,EXPANSION,,,,,,,29204.19,708.0,-1574.0600000000013,-5.114195901326428,-1491073.21,1733744.1099999999,13036717.329999998,7931490.76,6210693.7299999995,16.891545999999998,1743.03,1460,2.66857083448414,PUT WALL + VOL SENSITIVE
2026-06-03T07:51:57 ET,2026-06-03T07:50:00 ET,2026-06-03,Wed,0752ET,AGGREGATE,30778.25,746.16,30712.0,NEAR_FLIP,EXPANSION,,,,,,,29245.44,709.0,-1532.8100000000013,-4.980172686881162,-2787203.6999999997,2815049.54,27693789.53,8865267.65,-1979147.29,-7.2325740000000005,3417.71,2033,4.187902252287304,PUT WALL + VOL SENSITIVE
2026-06-03T07:51:57 ET,2026-06-03T07:50:00 ET,2026-06-03,Wed,0752ET,AGGREGATE,30778.25,746.16,30712.0,NEAR_FLIP,EXPANSION,,,,,,,29286.69,710.0,-1491.5600000000013,-4.846149472435896,-10679162.48,13855112.08,94971163.88,51152191.1,63058723.739999995,239.60543300000003,14925.5,10197,18.729172368440683,PUT WALL + VOL SENSITIVE
2026-06-03T07:51:57 ET,2026-06-03T07:50:00 ET,2026-06-03,Wed,0752ET,AGGREGATE,30778.25,746.16,30712.0,NEAR_FLIP,EXPANSION,,,,,,,29327.94,711.0,-1450.3100000000013,-4.712126257990631,-1305287.56,1388165.46,12041260.36,5018398.35,1148651.0699999998,2.8709260000000008,1447.54,995,1.9987646102333774,PUT WALL + VOL SENSITIVE
2026-06-03T07:51:57 ET,2026-06-03T07:50:00 ET,2026-06-03,Wed,0752ET,AGGREGATE,30778.25,746.16,30712.0,NEAR_FLIP,EXPANSION,,,,,,,29369.19,712.0,-1409.0600000000013,-4.578103043545365,-3181477.29,3334022.5300000003,26278325.26,14715760.370000001,1524346.2300000002,4.594339999999999,2812.7599999999998,2587,4.993208553616847,PUT WALL + VOL SENSITIVE
2026-06-03T07:51:57 ET,2026-06-03T07:50:00 ET,2026-06-03,Wed,0752ET,AGGREGATE,30778.25,746.16,30712.0,NEAR_FLIP,EXPANSION,,,,,,,29410.44,713.0,-1367.8100000000013,-4.444079829100099,-3558723.9699999997,3666778.8099999996,32193982.15,12358632.290000001,-333516.1300000001,-3.827646999999999,3707.3099999999995,2360,5.033652169971748,PUT WALL + VOL SENSITIVE
2026-06-03T07:51:57 ET,2026-06-03T07:50:00 ET,2026-06-03,Wed,0752ET,AGGREGATE,30778.25,746.16,30712.0,NEAR_FLIP,EXPANSION,,,,,,,29451.69,714.0,-1326.5600000000013,-4.310056614654833,-13860220.17,14530804.65,132460814.16,39090430.59,4306056.029999999,-3.2717640000000046,16051.57,8014,18.441224974042935,PUT WALL + VOL SENSITIVE
2026-06-03T07:51:57 ET,2026-06-03T07:50:00 ET,2026-06-03,Wed,0752ET,AGGREGATE,30778.25,746.16,30712.0,NEAR_FLIP,EXPANSION,,,,,,,29492.94,715.0,-1285.3100000000013,-4.176033400209568,-9411967.32,13345360.6,81717535.72,42994621.9,61587842.57000001,304.02698000000004,12542.5,8405,15.854047025600224,PUT WALL + VOL SENSITIVE
2026-06-03T07:51:57 ET,2026-06-03T07:50:00 ET,2026-06-03,Wed,0752ET,AGGREGATE,30778.25,746.16,30712.0,NEAR_FLIP,EXPANSION,,,,,,,29534.18,716.0,-1244.0699999999997,-4.042042676240526,-4186604.3200000003,4348333.1,36890461.33,13980666.75,-139088.59000000008,-1.7034270000000014,3896.8900000000003,2657,5.724735076412521,PUT WALL + VOL SENSITIVE
2026-06-03T07:51:57 ET,2026-06-03T07:50:00 ET,2026-06-03,Wed,0752ET,AGGREGATE,30778.25,746.16,30712.0,NEAR_FLIP,EXPANSION,,,,,,,29575.43,717.0,-1202.8199999999997,-3.9080194617952606,-8576585.73,8881833.91,79951515.51,20605989.48,-2191061.16,-18.938564000000003,9402.37,4022,10.294372722571003,PUT WALL + VOL SENSITIVE
2026-06-03T07:51:57 ET,2026-06-03T07:50:00 ET,2026-06-03,Wed,0752ET,AGGREGATE,30778.25,746.16,30712.0,NEAR_FLIP,EXPANSION,,,,,,,29616.68,718.0,-1161.5699999999997,-3.773996247349994,-5562297.3100000005,6121345.390000001,47331820.29,18930139.43,5233685.17,25.636228,5104.88,3319,7.3804527587807,PUT WALL + VOL SENSITIVE
2026-06-03T07:51:57 ET,2026-06-03T07:50:00 ET,2026-06-03,Wed,0752ET,AGGREGATE,30778.25,746.16,30712.0,NEAR_FLIP,EXPANSION,,,,,,,29657.93,719.0,-1120.3199999999997,-3.6399730329047286,-4134502.4700000007,4482636.07,35030627.88,13067103.72,3115606.5600000005,11.450594,3727.4700000000003,2189,5.173557358506724,PUT WALL + VOL SENSITIVE
2026-06-03T07:51:57 ET,2026-06-03T07:50:00 ET,2026-06-03,Wed,0752ET,AGGREGATE,30778.25,746.16,30712.0,NEAR_FLIP,EXPANSION,,,,,,,29699.18,720.0,-1079.0699999999997,-3.505949818459463,-16591354.52,19524162.42,137632935.84,54438670.95,34004627.379999995,167.974248,16046.98,8659,20.74146153548087,PUT WALL + VOL SENSITIVE
2026-06-03T07:51:57 ET,2026-06-03T07:50:00 ET,2026-06-03,Wed,0752ET,AGGREGATE,30778.25,746.16,30712.0,NEAR_FLIP,EXPANSION,,,,,,,29740.43,721.0,-1037.8199999999997,-3.371926604014197,-8041033.58,8696087.48,63498029.6,26582779.71,3861783.8200000003,21.919266,6126.0599999999995,3982,9.64357722362642,PUT WALL + VOL SENSITIVE
2026-06-03T07:51:57 ET,2026-06-03T07:50:00 ET,2026-06-03,Wed,0752ET,AGGREGATE,30778.25,746.16,30712.0,NEAR_FLIP,EXPANSION,,,,,,,29781.68,722.0,-996.5699999999997,-3.2379033895689315,-31727187.21,32417390.79,264727684.32999998,65365737.12,-19432616.53,-180.67834299999998,30525.739999999998,10022,31.625221325058906,PUT WALL + VOL SENSITIVE
2026-06-03T07:51:57 ET,2026-06-03T07:50:00 ET,2026-06-03,Wed,0752ET,AGGREGATE,30778.25,746.16,30712.0,NEAR_FLIP,EXPANSION,,,,,,,29822.93,723.0,-955.3199999999997,-3.103880175123666,-9739876.67,10547781.41,78726794.24,21815090.42,-39368.16000000015,-7.273177999999994,9302.849999999999,3167,9.705062187418442,PUT WALL + VOL SENSITIVE
2026-06-03T07:51:57 ET,2026-06-03T07:50:00 ET,2026-06-03,Wed,0752ET,AGGREGATE,30778.25,746.16,30712.0,NEAR_FLIP,EXPANSION,,,,,,,29864.18,724.0,-914.0699999999997,-2.9698569606784004,-9835994.66,10652849.28,73729949.21000001,27240457.52,2428131.5599999996,8.200946999999996,7447.58,3456,10.026705055349183,PUT WALL + VOL SENSITIVE
2026-06-03T07:51:57 ET,2026-06-03T07:50:00 ET,2026-06-03,Wed,0752ET,AGGREGATE,30778.25,746.16,30712.0,NEAR_FLIP,EXPANSION,,,,,,,29905.42,725.0,-872.8300000000017,-2.83586623670937,-8697741.490000002,19063170.29,64338796.39,45830280.87,108950292.36,805.2124620000001,13095.83,5685,13.191953403810814,PUT WALL + VOL SENSITIVE
2026-06-03T07:51:57 ET,2026-06-03T07:50:00 ET,2026-06-03,Wed,0752ET,AGGREGATE,30778.25,746.16,30712.0,NEAR_FLIP,EXPANSION,,,,,,,29946.67,726.0,-831.5800000000017,-2.7018430222641046,-10541243.75,11433193.19,75614925.92999999,26714977.950000003,851998.5800000001,-1.9439449999999994,7557.0,3084,9.859282879832406,PUT WALL + VOL SENSITIVE
2026-06-03T07:51:57 ET,2026-06-03T07:50:00 ET,2026-06-03,Wed,0752ET,AGGREGATE,30778.25,746.16,30712.0,NEAR_FLIP,EXPANSION,,,,,,,29987.92,727.0,-790.3300000000017,-2.567819807818839,-4280780.940000001,22292305.82,26356299.080000006,42506489.11,111013058.98,1406.069206,16552.14,4932,10.21655273721549,PUT WALL + VOL SENSITIVE
2026-06-03T07:51:57 ET,2026-06-03T07:50:00 ET,2026-06-03,Wed,0752ET,AGGREGATE,30778.25,746.16,30712.0,NEAR_FLIP,EXPANSION,,,,,,,30029.17,728.0,-749.0800000000017,-2.433796593373573,-38633290.37,45977485.15,258007351.67000002,106255611.36999999,26484013.310000002,330.934502,25421.17,10580,35.282160185379645,PUT WALL + VOL SENSITIVE
2026-06-03T07:51:57 ET,2026-06-03T07:50:00 ET,2026-06-03,Wed,0752ET,AGGREGATE,30778.25,746.16,30712.0,NEAR_FLIP,EXPANSION,,,,,,,30070.42,729.0,-707.8300000000017,-2.299773378928307,-19091923.09,24830161.37,125374029.21,49791211.17,18463023.360000003,285.94092500000005,14929.19,4886,16.950974590686265,PUT WALL + VOL SENSITIVE
2026-06-03T07:51:57 ET,2026-06-03T07:50:00 ET,2026-06-03,Wed,0752ET,AGGREGATE,30778.25,746.16,30712.0,NEAR_FLIP,EXPANSION,,,,,,,30111.67,730.0,-666.5800000000017,-2.165750164483042,-31247578.84,54501141.480000004,199153030.26,93691843.66,97327007.98,1438.931101,35587.5,8991,29.925455142735775,PUT WALL + VOL SENSITIVE
2026-06-03T07:51:57 ET,2026-06-03T07:50:00 ET,2026-06-03,Wed,0752ET,AGGREGATE,30778.25,746.16,30712.0,NEAR_FLIP,EXPANSION,,,,,,,30152.92,731.0,-625.3300000000017,-2.031726950037776,-22024590.299999997,28148626.880000003,133571911.4,52114555.059999995,17340954.34,241.349948,15277.98,4385,17.42256809231598,PUT WALL + VOL SENSITIVE
2026-06-03T07:51:57 ET,2026-06-03T07:50:00 ET,2026-06-03,Wed,0752ET,AGGREGATE,30778.25,746.16,30712.0,NEAR_FLIP,EXPANSION,,,,,,,30194.17,732.0,-584.0800000000017,-1.8977037355925102,-25754629.020000003,35763827.42,150660842.28,58813360.77,24543325.32,422.9177199999999,20197.89,4833,19.7822978976575,PUT WALL + VOL SENSITIVE
2026-06-03T07:51:57 ET,2026-06-03T07:50:00 ET,2026-06-03,Wed,0752ET,AGGREGATE,30778.25,746.16,30712.0,NEAR_FLIP,EXPANSION,,,,,,,30235.41,733.0,-542.8400000000001,-1.7637130116234683,-28176387.72,37146320.78,155945031.88,60860119.519999996,12239073.260000002,301.86522599999995,18555.88,4511,20.08889687228196,PUT WALL + VOL SENSITIVE
2026-06-03T07:51:57 ET,2026-06-03T07:50:00 ET,2026-06-03,Wed,0752ET,AGGREGATE,30778.25,746.16,30712.0,NEAR_FLIP,EXPANSION,,,,,,,30276.66,734.0,-501.59000000000015,-1.6296897971782027,-34805717.67,45110937.11,183433061.54999998,65325703.02,6415264.8900000015,178.342111,23458.79,4745,22.727253074783963,PUT WALL + VOL SENSITIVE
2026-06-03T07:51:57 ET,2026-06-03T07:50:00 ET,2026-06-03,Wed,0752ET,AGGREGATE,30778.25,746.16,30712.0,NEAR_FLIP,EXPANSION,,,,,,,30317.91,735.0,-460.34000000000015,-1.495666582732937,-83255348.94999999,132378482.53,410477137.75,172947769.42000002,66881731.95999999,1827.6352679999998,69033.04000000001,12146,55.754918282007694,PUT WALL + VOL SENSITIVE
2026-06-03T07:51:57 ET,2026-06-03T07:50:00 ET,2026-06-03,Wed,0752ET,AGGREGATE,30778.25,746.16,30712.0,NEAR_FLIP,EXPANSION,,,,,,,30359.16,736.0,-419.09000000000015,-1.361643368287671,-38694620.64,58786595.8,179060363.29,70887116.12,17306642.599999998,518.601199,29269.45,4762,23.527154848234556,PUT WALL + VOL SENSITIVE
2026-06-03T07:51:57 ET,2026-06-03T07:50:00 ET,2026-06-03,Wed,0752ET,AGGREGATE,30778.25,746.16,30712.0,NEAR_FLIP,EXPANSION,,,,,,,30400.41,737.0,-377.84000000000015,-1.2276201538424054,-84964327.93,114922847.27000001,359632167.23999995,129583055.35000001,-3724773.080000004,-124.46880799999997,53110.78,8167,45.0466651385495,PUT WALL + VOL SENSITIVE
2026-06-03T07:51:57 ET,2026-06-03T07:50:00 ET,2026-06-03,Wed,0752ET,AGGREGATE,30778.25,746.16,30712.0,NEAR_FLIP,EXPANSION,,,,,,,30441.66,738.0,-336.59000000000015,-1.0935969393971396,-62862186.91,117142031.86999999,244219366.35999998,111817648.03999999,37782573.739999995,1397.816338,57083.66,7398,35.417469262907,PUT WALL + VOL SENSITIVE
2026-06-03T07:51:57 ET,2026-06-03T07:50:00 ET,2026-06-03,Wed,0752ET,AGGREGATE,30778.25,746.16,30712.0,NEAR_FLIP,EXPANSION,,,,,,,30482.91,739.0,-295.34000000000015,-0.9595737249518739,-36115800.56,96340406.03999999,125677274.0,76945953.11,46321815.19,1987.8386930000001,49118.990000000005,5488,22.439361136509227,PUT WALL + VOL SENSITIVE
2026-06-03T07:51:57 ET,2026-06-03T07:50:00 ET,2026-06-03,Wed,0752ET,AGGREGATE,30778.25,746.16,30712.0,NEAR_FLIP,EXPANSION,,,,,,,30524.16,740.0,-254.09000000000015,-0.8255505105066082,-205834207.20000002,324830402.76,632222164.01,244117907.26,-24596024.77000001,-1821.8066469999992,141717.63,16136,88.33125407252382,PUT WALL + VOL SENSITIVE
2026-06-03T07:51:57 ET,2026-06-03T07:50:00 ET,2026-06-03,Wed,0752ET,AGGREGATE,30778.25,746.16,30712.0,NEAR_FLIP,EXPANSION,,,,,,,30565.41,741.0,-212.84000000000015,-0.6915272960613424,-82885409.71000001,165530217.43,217317702.73,106779895.77,4603828.890000001,112.79205400000001,67677.31,7322,34.02039057469043,PUT WALL + VOL SENSITIVE
2026-06-03T07:51:57 ET,2026-06-03T07:50:00 ET,2026-06-03,Wed,0752ET,AGGREGATE,30778.25,746.16,30712.0,NEAR_FLIP,EXPANSION,,,,,,,30606.65,742.0,-171.59999999999854,-0.5575365720923007,-130524321.9,236979302.70000002,278263010.57000005,113674239.89,-55274924.86,-2961.3188800000003,107938.07,9992,47.23095451064217,PUT WALL + VOL SENSITIVE
2026-06-03T07:51:57 ET,2026-06-03T07:50:00 ET,2026-06-03,Wed,0752ET,AGGREGATE,30778.25,746.16,30712.0,NEAR_FLIP,EXPANSION,,,,,,,30647.9,743.0,-130.34999999999854,-0.423513357647035,-3978680.750000002,176766957.59,10597935.770000003,65868369.82,77745636.63999999,4907.084228,75680.92,6797,15.581345816105962,PUT WALL + VOL SENSITIVE
2026-06-03T07:51:57 ET,2026-06-03T07:50:00 ET,2026-06-03,Wed,0752ET,AGGREGATE,30778.25,746.16,30712.0,NEAR_FLIP,EXPANSION,,,,,,,30689.15,744.0,-89.09999999999854,-0.28949014320176925,-24879296.22999999,249957407.09,34374353.19000001,64618629.04,56714863.5,3180.9805680000004,100387.66,8844,18.8940498886638,PUT WALL
2026-06-03T07:51:57 ET,2026-06-03T07:50:00 ET,2026-06-03,Wed,0752ET,AGGREGATE,30778.25,746.16,30712.0,NEAR_FLIP,EXPANSION,,,,,,,30730.4,745.0,-47.849999999998545,-0.15546692875650353,20113394.699999996,555638065.6,-3768310.0800000057,75889073.71,143287471.72999996,8735.957348,211865.37,18477,30.304820688753942,CALL WALL
2026-06-03T07:51:57 ET,2026-06-03T07:50:00 ET,2026-06-03,Wed,0752ET,AGGREGATE,30778.25,746.16,30712.0,NEAR_FLIP,EXPANSION,,,,,,,30771.65,746.0,-6.599999999998545,-0.021443714311237788,78842420.99,274645973.75,-6855724.93,2390318.78,117106026.15000002,7776.138881999999,105387.46,9006,22.10337298179928,CALL WALL
2026-06-03T07:51:57 ET,2026-06-03T07:50:00 ET,2026-06-03,Wed,0752ET,AGGREGATE,30778.25,746.16,30712.0,NEAR_FLIP,EXPANSION,,,,,,,30812.9,747.0,34.650000000001455,0.11257950013402794,133430762.78999999,253331981.27,52483292.019999996,-26331163.130000003,182978063.52999997,10397.291361000001,128770.71,9828,34.499157213606,CALL WALL
2026-06-03T07:51:57 ET,2026-06-03T07:50:00 ET,2026-06-03,Wed,0752ET,AGGREGATE,30778.25,746.16,30712.0,NEAR_FLIP,EXPANSION,,,,,,,30854.15,748.0,75.90000000000146,0.24660271457929367,77164801.66,160242572.84,68467036.69,-38419439.01,70538441.85000001,4323.688516,66901.31,5735,22.354878603332466,CALL WALL
2026-06-03T07:51:57 ET,2026-06-03T07:50:00 ET,2026-06-03,Wed,0752ET,AGGREGATE,30778.25,746.16,30712.0,NEAR_FLIP,EXPANSION,,,,,,,30895.4,749.0,117.15000000000146,0.38062592902455944,60088832.65,98279339.89,86624665.64,-36056286.23,42110793.93,2856.123501,39738.71,3580,18.651067768141193,CALL WALL
2026-06-03T07:51:57 ET,2026-06-03T07:50:00 ET,2026-06-03,Wed,0752ET,AGGREGATE,30778.25,746.16,30712.0,NEAR_FLIP,EXPANSION,,,,,,,30936.65,750.0,158.40000000000146,0.5146491434698252,221711317.04,273143303.82,431325991.14000005,-123849208.62,190990824.39000002,10947.238826,125972.97,11084,73.54688196791311,CALL WALL
2026-06-03T07:51:57 ET,2026-06-03T07:50:00 ET,2026-06-03,Wed,0752ET,AGGREGATE,30778.25,746.16,30712.0,NEAR_FLIP,EXPANSION,,,,,,,30977.89,751.0,199.63999999999942,0.6486398674388552,65709355.59,68640657.03,164434676.17999998,-42327120.8,50841125.87,2956.220523,27411.53,2839,23.76146645808407,CALL WALL + VOL SENSITIVE
2026-06-03T07:51:57 ET,2026-06-03T07:50:00 ET,2026-06-03,Wed,0752ET,AGGREGATE,30778.25,746.16,30712.0,NEAR_FLIP,EXPANSION,,,,,,,31019.14,752.0,240.88999999999942,0.7826630818841208,71462997.98,89376678.44,214715656.79,-59745416.02,45077575.87,2140.9549110000003,41644.159999999996,4216,28.888983492896486,CALL WALL + VOL SENSITIVE
2026-06-03T07:51:57 ET,2026-06-03T07:50:00 ET,2026-06-03,Wed,0752ET,AGGREGATE,30778.25,746.16,30712.0,NEAR_FLIP,EXPANSION,,,,,,,31060.39,753.0,282.1399999999994,0.9166862963293866,101280045.77000001,109089545.35,358679279.12,-75988054.22,78736724.60000001,3452.6075239999996,57849.79,5824,43.866677566453774,CALL WALL + VOL SENSITIVE
2026-06-03T07:51:57 ET,2026-06-03T07:50:00 ET,2026-06-03,Wed,0752ET,AGGREGATE,30778.25,746.16,30712.0,NEAR_FLIP,EXPANSION,,,,,,,31101.64,754.0,323.3899999999994,1.0507095107746522,99993678.21000001,101482960.15,417068820.68,-103595128.91000001,57579886.43,2377.175209,37233.07,5910,48.27022914257677,CALL WALL + VOL SENSITIVE
2026-06-03T07:51:57 ET,2026-06-03T07:50:00 ET,2026-06-03,Wed,0752ET,AGGREGATE,30778.25,746.16,30712.0,NEAR_FLIP,EXPANSION,,,,,,,31142.89,755.0,364.6399999999994,1.184732725219918,99754526.94000001,102643387.16000001,464918857.13,-108736105.74000001,57113431.65,2035.615201,43465.28,6980,52.039498020553154,CALL WALL + VOL SENSITIVE
2026-06-03T07:51:57 ET,2026-06-03T07:50:00 ET,2026-06-03,Wed,0752ET,AGGREGATE,30778.25,746.16,30712.0,NEAR_FLIP,EXPANSION,,,,,,,31184.14,756.0,405.8899999999994,1.3187559396651838,36252104.730000004,37012825.650000006,186950600.93,-41302806.19,21024337.11,658.7714450000001,16972.81,2935,20.365494677771686,CALL WALL + VOL SENSITIVE
2026-06-03T07:51:57 ET,2026-06-03T07:50:00 ET,2026-06-03,Wed,0752ET,AGGREGATE,30778.25,746.16,30712.0,NEAR_FLIP,EXPANSION,,,,,,,31225.39,757.0,447.1399999999994,1.4527791541104496,27740412.55,28714672.150000002,158418606.98,-39588776.23,11157229.610000001,278.694744,10980.019999999999,2856,17.35202662443572,CALL WALL + VOL SENSITIVE
2026-06-03T07:51:57 ET,2026-06-03T07:50:00 ET,2026-06-03,Wed,0752ET,AGGREGATE,30778.25,746.16,30712.0,NEAR_FLIP,EXPANSION,,,,,,,31266.64,758.0,488.3899999999994,1.586802368555715,16973146.78,17056317.44,105333501.35000001,-24775835.62,8324587.0600000005,177.172875,6931.69,2054,11.414521465198273,CALL WALL + VOL SENSITIVE
2026-06-03T07:51:57 ET,2026-06-03T07:50:00 ET,2026-06-03,Wed,0752ET,AGGREGATE,30778.25,746.16,30712.0,NEAR_FLIP,EXPANSION,,,,,,,31307.89,759.0,529.6399999999994,1.7208255830009809,21402008.43,21422301.57,140222550.13,-31496278.05,11558764.43,224.173242,9805.11,2900,15.108911447228547,CALL WALL + VOL SENSITIVE
2026-06-03T07:51:57 ET,2026-06-03T07:50:00 ET,2026-06-03,Wed,0752ET,AGGREGATE,30778.25,746.16,30712.0,NEAR_FLIP,EXPANSION,,,,,,,31349.13,760.0,570.880000000001,1.8548163069700228,44562635.95,44616380.31,316916308.44,-58360416.29,26887615.419999998,504.38476599999996,24946.96,6487,32.857689488056025,CALL WALL + VOL SENSITIVE
2026-06-03T07:51:57 ET,2026-06-03T07:50:00 ET,2026-06-03,Wed,0752ET,AGGREGATE,30778.25,746.16,30712.0,NEAR_FLIP,EXPANSION,,,,,,,31390.38,761.0,612.130000000001,1.9888395214152885,10896851.11,10928241.57,80209218.25,-19578456.22,5100728.89,64.25848,4732.48,2276,9.071417489189331,CALL WALL + VOL SENSITIVE
2026-06-03T07:51:57 ET,2026-06-03T07:50:00 ET,2026-06-03,Wed,0752ET,AGGREGATE,30778.25,746.16,30712.0,NEAR_FLIP,EXPANSION,,,,,,,31431.63,762.0,653.380000000001,2.1228627358605543,5971575.63,5985231.61,46832505.0,-10870810.55,2836986.98,31.613341000000002,2781.4,1484,5.341714355577699,CALL WALL + VOL SENSITIVE
2026-06-03T07:51:57 ET,2026-06-03T07:50:00 ET,2026-06-03,Wed,0752ET,AGGREGATE,30778.25,746.16,30712.0,NEAR_FLIP,EXPANSION,,,,,,,31472.88,763.0,694.630000000001,2.25688595030582,3106025.33,3111867.65,25908266.52,-5418266.47,1528229.26,16.540906999999997,1629.88,849,2.9164944806884576,CALL WALL + VOL SENSITIVE
2026-06-03T07:51:57 ET,2026-06-03T07:50:00 ET,2026-06-03,Wed,0752ET,AGGREGATE,30778.25,746.16,30712.0,NEAR_FLIP,EXPANSION,,,,,,,31514.13,764.0,735.880000000001,2.390909164751086,1479785.1099999999,1479785.1099999999,12995001.370000001,-2442120.4699999997,810660.16,8.167786,866.52,418,1.428785918710182,CALL WALL + VOL SENSITIVE
2026-06-03T07:51:57 ET,2026-06-03T07:50:00 ET,2026-06-03,Wed,0752ET,AGGREGATE,30778.25,746.16,30712.0,NEAR_FLIP,EXPANSION,,,,,,,31555.38,765.0,777.130000000001,2.5249323791963514,3581400.76,3585313.2199999997,32907801.89,-6415268.0,1796287.32,14.958318,2062.48,1273,3.792327839811104,CALL WALL + VOL SENSITIVE
2026-06-03T07:51:57 ET,2026-06-03T07:50:00 ET,2026-06-03,Wed,0752ET,AGGREGATE,30778.25,746.16,30712.0,NEAR_FLIP,EXPANSION,,,,,,,31596.63,766.0,818.380000000001,2.658955593641617,2240982.34,2240982.34,22283524.33,-4522232.71,1002662.4199999999,5.287073,1165.65,1268,2.888100405400182,CALL WALL + VOL SENSITIVE
2026-06-03T07:51:57 ET,2026-06-03T07:50:00 ET,2026-06-03,Wed,0752ET,AGGREGATE,30778.25,746.16,30712.0,NEAR_FLIP,EXPANSION,,,,,,,31637.88,767.0,859.630000000001,2.792978808086883,1505305.69,1505305.69,13751537.489999998,-3860834.84,667629.51,2.825876,702.71,930,1.9861777312764788,CALL WALL + VOL SENSITIVE
2026-06-03T07:51:57 ET,2026-06-03T07:50:00 ET,2026-06-03,Wed,0752ET,AGGREGATE,30778.25,746.16,30712.0,NEAR_FLIP,EXPANSION,,,,,,,31679.13,768.0,900.880000000001,2.9270020225321485,1999726.47,1999726.47,19690658.75,-5195958.76,846254.8600000001,2.813479,953.3599999999999,1766,3.1594790229313947,CALL WALL + VOL SENSITIVE
2026-06-03T07:51:57 ET,2026-06-03T07:50:00 ET,2026-06-03,Wed,0752ET,AGGREGATE,30778.25,746.16,30712.0,NEAR_FLIP,EXPANSION,,,,,,,31720.37,769.0,942.119999999999,3.0609927465011784,325132.05,325132.05,3348662.7,-780147.99,151598.90000000002,0.534408,179.88,249,0.48489614698378913,CALL WALL + VOL SENSITIVE
2026-06-03T07:51:57 ET,2026-06-03T07:50:00 ET,2026-06-03,Wed,0752ET,AGGREGATE,30778.25,746.16,30712.0,NEAR_FLIP,EXPANSION,,,,,,,31761.62,770.0,983.369999999999,3.1950159609464444,1506707.62,1506707.62,15538448.52,-4236613.21,643693.41,1.518295,751.98,1723,2.7625266876930668,CALL WALL + VOL SENSITIVE
2026-06-03T07:51:57 ET,2026-06-03T07:50:00 ET,2026-06-03,Wed,0752ET,AGGREGATE,30778.25,746.16,30712.0,NEAR_FLIP,EXPANSION,,,,,,,31802.87,771.0,1024.619999999999,3.32903917539171,643929.02,643929.02,6496806.29,-2031977.2,271377.34,0.504767,306.42999999999995,873,1.2966586751952827,CALL WALL + VOL SENSITIVE
2026-06-03T07:51:57 ET,2026-06-03T07:50:00 ET,2026-06-03,Wed,0752ET,AGGREGATE,30778.25,746.16,30712.0,NEAR_FLIP,EXPANSION,,,,,,,31844.12,772.0,1065.869999999999,3.463062389836976,174489.26,174489.26,1813111.12,-552119.1699999999,75935.08,0.13427899999999998,88.51,255,0.36763665935596795,CALL WALL + VOL SENSITIVE
2026-06-03T07:51:57 ET,2026-06-03T07:50:00 ET,2026-06-03,Wed,0752ET,AGGREGATE,30778.25,746.16,30712.0,NEAR_FLIP,EXPANSION,,,,,,,31885.37,773.0,1107.119999999999,3.5970856042822414,774891.3099999999,774891.3099999999,9878665.389999999,-1419319.16,401556.99,1.013745,577.77,743,1.3639944832606334,CALL WALL + VOL SENSITIVE
2026-06-03T07:51:57 ET,2026-06-03T07:50:00 ET,2026-06-03,Wed,0752ET,AGGREGATE,30778.25,746.16,30712.0,NEAR_FLIP,EXPANSION,,,,,,,31926.62,774.0,1148.369999999999,3.731108818727507,23555.48,23555.48,252562.44,-76289.45999999999,11075.8,0.018955,13.37,38,0.05079615578831866,CALL WALL + VOL SENSITIVE
2026-06-03T07:51:57 ET,2026-06-03T07:50:00 ET,2026-06-03,Wed,0752ET,AGGREGATE,30778.25,746.16,30712.0,NEAR_FLIP,EXPANSION,,,,,,,31967.87,775.0,1189.619999999999,3.865132033172773,116944.17,116944.17,1472228.51,-292340.69999999995,56593.69,0.088047,79.72,187,0.26861340541903045,CALL WALL + VOL SENSITIVE
2026-06-03T07:51:57 ET,2026-06-03T07:50:00 ET,2026-06-03,Wed,0752ET,AGGREGATE,30778.25,746.16,30712.0,NEAR_FLIP,EXPANSION,,,,,,,32174.11,780.0,1395.8600000000006,4.535215614922877,281658.04000000004,281658.04000000004,3887329.5100000002,-741622.95,146044.06,0.141918,222.41000000000003,699,0.8756688596752419,CALL WALL + VOL SENSITIVE
2026-06-03T07:51:57 ET,2026-06-03T07:50:00 ET,2026-06-03,Wed,0752ET,AGGREGATE,30778.25,746.16,30712.0,NEAR_FLIP,EXPANSION,,,,,,,32380.36,785.0,1602.1100000000006,5.205331687149206,291900.16000000003,291900.16000000003,3642376.21,-1171697.55,165082.89,0.11693300000000001,225.23000000000002,996,1.1329339904256872,CALL WALL + VOL SENSITIVE
2026-06-03T07:51:57 ET,2026-06-03T07:50:00 ET,2026-06-03,Wed,0752ET,AGGREGATE,30778.25,746.16,30712.0,NEAR_FLIP,EXPANSION,,,,,,,32586.6,790.0,1808.3499999999985,5.8754152688992995,19085.96,19085.96,248589.75,-71023.38,13268.74,0.011624,19.15,53,0.06195937779809985,CALL WALL + VOL SENSITIVE
2026-06-03T07:51:57 ET,2026-06-03T07:50:00 ET,2026-06-03,Wed,0752ET,AGGREGATE,30778.25,746.16,30712.0,NEAR_FLIP,EXPANSION,,,,,,,32999.09,800.0,2220.8399999999965,7.215614922875721,2481.3999999999996,7487.28,46733.130000000005,-34485.56,-1039163.57,-0.44676699999999997,8.24,61,0.05267691752193057,CALL WALL + VOL SENSITIVE
2026-06-03T07:51:57 ET,2026-06-03T07:50:00 ET,2026-06-03,Wed,0752ET,AGGREGATE,30778.25,746.16,30712.0,NEAR_FLIP,EXPANSION,,,,,,,33205.33,805.0,2427.0800000000017,7.885698504625838,903.53,903.53,8397.05,-6906.26,978.64,0.001064,1.02,2,0.0,CALL WALL + VOL SENSITIVE
2026-06-03T07:51:57 ET,2026-06-03T07:50:00 ET,2026-06-03,Wed,0752ET,AGGREGATE,30778.25,746.16,30712.0,NEAR_FLIP,EXPANSION,,,,,,,33411.58,810.0,2633.3300000000017,8.555814576852166,88.74,88.74,1459.15,-366.41,68.56,1.5e-05,0.12,1,,
